RowID,Name,smiles-joint,cation,anion,econd_15,econd_20,econd_25,econd_30,econd_40,econd_50,econd_60,econd_70
IL0000,1-butyl-3-methylimidazolium hexafluorophosphate,CCCCn1cc[n+](C)c1.F[P-](F)(F)(F)(F)F,CCCCn1cc[n+](C)c1,F[P-](F)(F)(F)(F)F,0.087866667,0.124375,0.153678571,0.1815,0.286666667,0.442222222,0.6072,0.8484
IL0001,1-butyl-3-methylimidazolium trifluoroacetate,CCCCn1cc[n+](C)c1.[O-]C(=O)C(F)(F)F,CCCCn1cc[n+](C)c1,[O-]C(=O)C(F)(F)F,0.205,0.24,0.365666667,0.4635,0.676,1.05,1.24,1.75
IL0002,1-octyl-3-methylimidazolium hexafluorophosphate,CCCCCCCC[n+]1ccn(C)c1.F[P-](F)(F)(F)(F)F,CCCCCCCC[n+]1ccn(C)c1,F[P-](F)(F)(F)(F)F,0.01232,0.018,0.026533333,0.035775,0.065525,0.10948,0.171,0.2535
IL0003,1-ethyl-3-methylimidazolium trifluoromethanesulfonate,CCn1cc[n+](C)c1.[O-][S](=O)(=O)C(F)(F)F,CCn1cc[n+](C)c1,[O-][S](=O)(=O)C(F)(F)F,0.6482,0.772333333,0.889,1.006333333,1.34156,1.63525,2.0508,2.279
IL0004,1-butyl-3-methylimidazolium bis(trifluoromethylsulfonyl)imide,CCCCn1cc[n+](C)c1.FC(F)(F)[S](=O)(=O)[N-][S](=O)(=O)C(F)(F)F,CCCCn1cc[n+](C)c1,FC(F)(F)[S](=O)(=O)[N-][S](=O)(=O)C(F)(F)F,0.262,0.334601467,0.389515789,0.479114286,0.664393333,0.87425,1.159888889,1.462142857
IL0007,1-butyl-3-methylimidazolium tetrafluoroborate,CCCCn1cc[n+](C)c1.F[B-](F)(F)F,CCCCn1cc[n+](C)c1,F[B-](F)(F)F,0.2045,0.254557143,0.348952632,0.446092857,0.656481818,0.919018182,1.18944,1.4682375
IL0008,1-ethyl-3-methylimidazolium ethyl sulfate,CCn1cc[n+](C)c1.CCO[S]([O-])(=O)=O,CCn1cc[n+](C)c1,CCO[S]([O-])(=O)=O,0.224166667,0.2965,0.3882,0.475333333,0.70375,0.9905,1.3177,1.747
IL0017,1-methyl-3-octylimidazolium tetrafluoroborate,CCCCCCCC[n+]1ccn(C)c1.F[B-](F)(F)F,CCCCCCCC[n+]1ccn(C)c1,F[B-](F)(F)F,0.0306,0.042833333,0.061725,0.07865,0.131725,0.2042,0.3045,0.422
IL0021,1-hexyl-3-methylimidazolium hexafluorophosphate,CCCCCCn1cc[n+](C)c1.F[P-](F)(F)(F)(F)F,CCCCCCn1cc[n+](C)c1,F[P-](F)(F)(F)(F)F,0.026615,0.038333333,0.054783333,0.07342,0.12848,0.203916667,0.3134,0.45
IL0022,1-hexyl-3-methylimidazolium tetrafluoroborate,CCCCCCn1cc[n+](C)c1.F[B-](F)(F)F,CCCCCCn1cc[n+](C)c1,F[B-](F)(F)F,0.06595,0.0893,0.129475,0.15965,0.25435,0.3876,0.56605,0.7633
IL0023,1-ethyl-3-methylimidazolium tetrafluoroborate,CCn1cc[n+](C)c1.F[B-](F)(F)F,CCn1cc[n+](C)c1,F[B-](F)(F)F,0.938775,1.27746,1.514647059,1.75365,2.2837,2.890475,3.60095,4.3821
IL0027,1-butyl-3-methylimidazolium acetate,CCCCn1cc[n+](C)c1.CC([O-])=O,CCCCn1cc[n+](C)c1,CC([O-])=O,0.02025,0.0331,0.0498,0.07434,0.137275,0.239033333,0.367933333,0.5319
IL0028,1-butyl-3-methylimidazolium dicyanamide,CCCCn1cc[n+](C)c1.N#C[N-]C#N,CCCCn1cc[n+](C)c1,N#C[N-]C#N,0.636333333,0.9475,1.101285714,1.3445,1.814,2.352,2.583666667,3.396
IL0030,1-ethyl-3-methylimidazolium 4-methylbenzenesulfonate,CCn1cc[n+](C)c1.Cc1ccc(cc1)[S]([O-])(=O)=O,CCn1cc[n+](C)c1,Cc1ccc(cc1)[S]([O-])(=O)=O,0.025645,0.0148,0.05595,0.0409,0.0915,0.176,0.332,0.512
IL0033,triethyl(pentyl)phosphonium bis((trifluoromethyl)sulfonyl)amide,CCCCC[P+](CC)(CC)CC.FC(F)(F)[S](=O)(=O)[N-][S](=O)(=O)C(F)(F)F,CCCCC[P+](CC)(CC)CC,FC(F)(F)[S](=O)(=O)[N-][S](=O)(=O)C(F)(F)F,0.1002,0.1301,0.1741,0.20735,0.31005,0.43875,0.599,0.785
IL0037,1-butylpyridinium tetrafluoroborate,CCCC[n+]1ccccc1.F[B-](F)(F)F,CCCC[n+]1ccccc1,F[B-](F)(F)F,0.1282,0.1678,0.242,0.297333333,0.48,0.724,0.9855,1.151
IL0039,1-methyl-1-propylpyrrolidinium bis(fluorosulfonyl)amide,CCC[N+]1(C)CCCC1.F[S](=O)(=O)[N-][S](F)(=O)=O,CCC[N+]1(C)CCCC1,F[S](=O)(=O)[N-][S](F)(=O)=O,0.62,0.72,0.8075,1.017,1.3095,1.622,1.92,2.32
IL0040,1-butyl-1-methylpyrrolidinium bis(fluorosulfonyl)amide,CCCC[N+]1(C)CCCC1.F[S](=O)(=O)[N-][S](F)(=O)=O,CCCC[N+]1(C)CCCC1,F[S](=O)(=O)[N-][S](F)(=O)=O,0.439,0.374,0.677,0.5305,0.722,0.947,1.205,1.4875
IL0041,1-butyl-3-methylimidazolium trifluoromethanesulfonate,CCCCn1cc[n+](C)c1.[O-][S](=O)(=O)C(F)(F)F,CCCCn1cc[n+](C)c1,[O-][S](=O)(=O)C(F)(F)F,0.1808,0.23,0.293666667,0.322666667,0.477,0.642,0.891333333,1.1285
IL0059,1-ethyl-3-methylimidazolium tetracyanoborate,CCn1cc[n+](C)c1.N#C[B-](C#N)(C#N)C#N,CCn1cc[n+](C)c1,N#C[B-](C#N)(C#N)C#N,1.088,1.311,1.556,1.808,2.379,3.012,3.694,4.412
IL0070,1-ethyl-3-methylimidazolium methanesulfonate,CCn1cc[n+](C)c1.C[S]([O-])(=O)=O,CCn1cc[n+](C)c1,C[S]([O-])(=O)=O,0.142,0.1991,0.309725,0.345866667,0.5555,0.824,1.155,1.5495
IL0072,1-ethyl-3-methylimidazolium dicyanamide,CCn1cc[n+](C)c1.N#C[N-]C#N,CCn1cc[n+](C)c1,N#C[N-]C#N,2.1886,2.532,2.80262,3.246366667,4.090766667,4.988833333,6.21245,6.9605
IL0091,1-ethyl-3-methylimidazolium octyl sulfate,CCn1cc[n+](C)c1.CCCCCCCCO[S]([O-])(=O)=O,CCn1cc[n+](C)c1,CCCCCCCCO[S]([O-])(=O)=O,0.025,0.034,0.046,0.06,0.098,0.153,0.232,0.329
IL0101,1-ethyl-3-methylimidazolium acetate,CCn1cc[n+](C)c1.CC([O-])=O,CCn1cc[n+](C)c1,CC([O-])=O,0.175,0.2154,0.311775,0.37756,0.5982,0.94,1.2785,1.7297
IL0128,1-decyl-3-methylimidazolium tetrafluoroborate,CCCCCCCCCCn1cc[n+](C)c1.F[B-](F)(F)F,CCCCCCCCCCn1cc[n+](C)c1,F[B-](F)(F)F,0.01845,0.02575,0.036475,0.04655,0.07835,0.124,0.189,0.2855
IL0130,1-methyl-1-octylpyrrolidinium bis(trifluoromethylsulfonyl)amide,CCCCCCCC[N+]1(C)CCCC1.FC(F)(F)[S](=O)(=O)[N-][S](=O)(=O)C(F)(F)F,CCCCCCCC[N+]1(C)CCCC1,FC(F)(F)[S](=O)(=O)[N-][S](=O)(=O)C(F)(F)F,0.04,0.061,0.081,0.11,0.16,0.25,0.33,0.47
IL0157,1-(2-hydroxyethyl)-1-methylpyrrolidin-1-ium bis((trifluoromethyl)sulfonyl)amide,C[N+]1(CCO)CCCC1.FC(F)(F)[S](=O)(=O)[N-][S](=O)(=O)C(F)(F)F,C[N+]1(CCO)CCCC1,FC(F)(F)[S](=O)(=O)[N-][S](=O)(=O)C(F)(F)F,0.141,0.184,0.23,0.285,0.418,0.578,0.777,0.999
IL0241,3-(cyanomethyl)-1-methyl-1H-imidazol-3-ium bis((trifluoromethyl)sulfonyl)amide,Cn1cc[n+](CC#N)c1.FC(F)(F)[S](=O)(=O)[N-][S](=O)(=O)C(F)(F)F,Cn1cc[n+](CC#N)c1,FC(F)(F)[S](=O)(=O)[N-][S](=O)(=O)C(F)(F)F,0.0439,0.0648,0.0919,0.1294,0.225,0.36,0.536,0.756
IL0293,1-butylpyridinium dicyanamide,CCCC[n+]1ccccc1.N#C[N-]C#N,CCCC[n+]1ccccc1,N#C[N-]C#N,1.051,1.241,1.175,1.3895,1.8615,2.426,3.0415,4.212
IL0324,1-(methoxymethyl)-1-methylpyrrolidinium bis(fluorosulfonyl)amide,COC[N+]1(C)CCCC1.F[S](=O)(=O)[N-][S](F)(=O)=O,COC[N+]1(C)CCCC1,F[S](=O)(=O)[N-][S](F)(=O)=O,0.772,0.898,1.033,1.178,1.492,1.841,2.222,2.636
IL0325,"N-ethyl-N,N-dimethylheptanaminium bis((trifluoromethyl)sulfonyl)amide",CCCCCCC[N+](C)(C)CC.FC(F)(F)[S](=O)(=O)[N-][S](=O)(=O)C(F)(F)F,CCCCCCC[N+](C)(C)CC,FC(F)(F)[S](=O)(=O)[N-][S](=O)(=O)C(F)(F)F,0.0454,0.0614,0.081,0.1049,0.1668,0.249,0.353,0.48
IL0333,"N,N-dimethylpropionamidium bis(trifluoromethanesulfonyl)amide",CCC(=O)[NH+](C)C.FC(F)(F)[S](=O)(=O)[N-][S](=O)(=O)C(F)(F)F,CCC(=O)[NH+](C)C,FC(F)(F)[S](=O)(=O)[N-][S](=O)(=O)C(F)(F)F,0.136,0.177,0.225,0.28,0.415,0.585,0.787,1.014
IL0396,1-butyl-3-methylimidazolium hydrogen carbonate,CCCCn1cc[n+](C)c1.OC([O-])=O,CCCCn1cc[n+](C)c1,OC([O-])=O,0.274,0.322,0.376,0.439,0.557,0.689,0.823,0.963
IL0397,3-methyl-1-pentylimidazolium hydrogen carbonate,CCCCC[n+]1ccn(C)c1.OC([O-])=O,CCCCC[n+]1ccn(C)c1,OC([O-])=O,0.143,0.193,0.248,0.305,0.428,0.553,0.671,0.794
IL0398,1-methyl-3-propylimidazolium dihydrogen phosphate,CCC[n+]1ccn(C)c1.O[P](O)([O-])=O,CCC[n+]1ccn(C)c1,O[P](O)([O-])=O,0.469,0.536,0.613,0.693,0.879,1.082,1.302,1.546
IL0399,1-butyl-3-methylimidazolium dihydrogen phosphate,CCCCn1cc[n+](C)c1.O[P](O)([O-])=O,CCCCn1cc[n+](C)c1,O[P](O)([O-])=O,0.303,0.359,0.419,0.483,0.628,0.788,0.965,1.159
IL0400,1-methyl-3-pentylimidazolium dihydrogen phosphate,CCCCC[n+]1ccn(C)c1.O[P](O)([O-])=O,CCCCC[n+]1ccn(C)c1,O[P](O)([O-])=O,0.164,0.201,0.243,0.29,0.398,0.523,0.665,0.825
IL1324,1-butyl-3-methylimidazolium bis(perfluoroethylsulfonyl)imide,CCCCn1cc[n+](C)c1.FC(F)(F)C(F)(F)[S](=O)(=O)[N-][S](=O)(=O)C(F)(F)C(F)(F)F,CCCCn1cc[n+](C)c1,FC(F)(F)C(F)(F)[S](=O)(=O)[N-][S](=O)(=O)C(F)(F)C(F)(F)F,0.0853,0.1111,0.1475,0.18645,0.279,0.4,0.5445,0.724
IL1325,1-butyl-3-methylimidazolium bis(fluorosulfonyl)imide,CCCCn1cc[n+](C)c1.F[S](=O)(=O)[N-][S](F)(=O)=O,CCCCn1cc[n+](C)c1,F[S](=O)(=O)[N-][S](F)(=O)=O,0.561,0.681,0.816,0.953,1.273,1.636,2.038,2.475
IL1331,1-hexylpyridinium bis(trifluromethylsulfonyl)imide,CCCCCC[n+]1ccccc1.FC(F)(F)[S](=O)(=O)[N-][S](=O)(=O)C(F)(F)F,CCCCCC[n+]1ccccc1,FC(F)(F)[S](=O)(=O)[N-][S](=O)(=O)C(F)(F)F,0.1,0.122,0.1645,0.189333333,0.282333333,0.394,0.5295,0.569
IL1344,"N,N-dimethyl-N-ethyl-N-pentylammonium bis(trifluoromethylsulfonyl)",CCCCC[N+](C)(C)CC.FC(F)(F)[S](=O)(=O)[N-][S](=O)(=O)C(F)(F)F,CCCCC[N+](C)(C)CC,FC(F)(F)[S](=O)(=O)[N-][S](=O)(=O)C(F)(F)F,0.08,0.1067,0.1392,0.1779,0.275,0.401,0.556,0.741
IL1346,"N,N-dimethylformamide bis 1,1,1-trifluoro-N-((trifluoromethyl)sulfonyl)methanesulfonamide (1:1)",C[NH+](C)C=O.FC(F)(F)[S](=O)(=O)[N-][S](=O)(=O)C(F)(F)F,C[NH+](C)C=O,FC(F)(F)[S](=O)(=O)[N-][S](=O)(=O)C(F)(F)F,0.465,0.57,0.687,0.815,1.108,1.441,1.808,2.21
IL1350,1-metyl-3-propylimidazolium hydrogen carbonate,CCC[n+]1ccn(C)c1.OC([O-])=O,CCC[n+]1ccn(C)c1,OC([O-])=O,0.487,0.547,0.606,0.662,0.785,0.908,1.026,1.142
IL1361,1-butyronitrile-3-methylimidazolium tetrafluoroborate,C[n+]1ccn(CCCC#N)c1.F[B-](F)(F)F,C[n+]1ccn(CCCC#N)c1,F[B-](F)(F)F,0.058,0.0525,0.123,0.1135,0.22,0.39,0.474,0.734
IL1489,"1-butyl-3-methylpyridinium 1,1,1-trifluoro-N-[(trifluoromethyl)sulfonyl]methanesulfonamide",CCCC[n+]1cccc(C)c1.FC(F)(F)[S](=O)(=O)[N-][S](=O)(=O)C(F)(F)F,CCCC[n+]1cccc(C)c1,FC(F)(F)[S](=O)(=O)[N-][S](=O)(=O)C(F)(F)F,0.172,0.217,0.272,0.335,0.49,0.69,0.91,1.16
IL1499,"1-hexyl-3-methylpyridinium 1,1,1-trifluoro-N-[(trifluoromethyl)sulfonyl]methanesulfonamide",CCCCCC[n+]1cccc(C)c1.FC(F)(F)[S](=O)(=O)[N-][S](=O)(=O)C(F)(F)F,CCCCCC[n+]1cccc(C)c1,FC(F)(F)[S](=O)(=O)[N-][S](=O)(=O)C(F)(F)F,0.0885,0.1157,0.148,0.1869,0.283,0.406,0.553,0.728
IL1508,"2-(acetyloxy)-N-ethyl-N,N-dimethylethanaminium 1,1,1-trifluoro-N-[(trifluoromethyl)sulfonyl]methanesulfonamide",CC[N+](C)(C)CCOC(C)=O.FC(F)(F)[S](=O)(=O)[N-][S](=O)(=O)C(F)(F)F,CC[N+](C)(C)CCOC(C)=O,FC(F)(F)[S](=O)(=O)[N-][S](=O)(=O)C(F)(F)F,0.0549,0.0771,0.1052,0.1395,0.2287,0.348,0.498,0.68
IL1591,1-ethyl-3-methyl-1H-imidazolium bis(fluorosulfonyl)amide,CCn1cc[n+](C)c1.F[S](=O)(=O)[N-][S](F)(=O)=O,CCn1cc[n+](C)c1,F[S](=O)(=O)[N-][S](F)(=O)=O,1.22,1.43,1.574666667,1.86,2.35,2.89,3.48,4.13
IL1755,1-ethylimidazolium bis[(trifluoromethyl)sulfonyl]imide,CCn1cc[nH+]c1.FC(F)(F)[S](=O)(=O)[N-][S](=O)(=O)C(F)(F)F,CCn1cc[nH+]c1,FC(F)(F)[S](=O)(=O)[N-][S](=O)(=O)C(F)(F)F,0.238,0.2495,0.306,0.436,0.555333333,0.8335,0.956333333,1.367
IL1766,1-hexyl-3-methylimidazolium bis[(trifluoromethyl)sulfonyl]imide,CCCCCCn1cc[n+](C)c1.FC(F)(F)[S](=O)(=O)[N-][S](=O)(=O)C(F)(F)F,CCCCCCn1cc[n+](C)c1,FC(F)(F)[S](=O)(=O)[N-][S](=O)(=O)C(F)(F)F,0.135416667,0.173371429,0.2192,0.2704,0.393,0.5465,0.725,0.939
IL1767,1-methyl-3-propylimidazolium bis[(trifluoromethyl)sulfonyl]imide,CCC[n+]1ccn(C)c1.FC(F)(F)[S](=O)(=O)[N-][S](=O)(=O)C(F)(F)F,CCC[n+]1ccn(C)c1,FC(F)(F)[S](=O)(=O)[N-][S](=O)(=O)C(F)(F)F,0.359,0.398,0.442666667,0.625333333,0.86,1.121666667,1.5515,1.91
IL1768,1-butyl-1-methylpyrrolidinium bis[(trifluoromethyl)sulfonyl]imide,CCCC[N+]1(C)CCCC1.FC(F)(F)[S](=O)(=O)[N-][S](=O)(=O)C(F)(F)F,CCCC[N+]1(C)CCCC1,FC(F)(F)[S](=O)(=O)[N-][S](=O)(=O)C(F)(F)F,0.1595,0.216025,0.271153846,0.330177778,0.476275,0.6491875,0.843875,1.0758
IL1770,1-butylpyridinium bis[(trifluoromethyl)sulfonyl]imide,CCCC[n+]1ccccc1.FC(F)(F)[S](=O)(=O)[N-][S](=O)(=O)C(F)(F)F,CCCC[n+]1ccccc1,FC(F)(F)[S](=O)(=O)[N-][S](=O)(=O)C(F)(F)F,0.1983,0.2412,0.3179,0.373285714,0.536888889,0.709,0.945,1.106
IL1771,1-methyl-1-propylpyrrolidinium bis[(trifluoromethyl)sulfonyl]imide,CCC[N+]1(C)CCCC1.FC(F)(F)[S](=O)(=O)[N-][S](=O)(=O)C(F)(F)F,CCC[N+]1(C)CCCC1,FC(F)(F)[S](=O)(=O)[N-][S](=O)(=O)C(F)(F)F,0.268333333,0.32875,0.3662,0.5022,0.684333333,0.9176,1.181,1.493333333
IL1773,1-(2-hydroxyethyl)-3-methylimidazolium bis[(trifluoromethyl)sulfonyl]imide,Cn1cc[n+](CCO)c1.FC(F)(F)[S](=O)(=O)[N-][S](=O)(=O)C(F)(F)F,Cn1cc[n+](CCO)c1,FC(F)(F)[S](=O)(=O)[N-][S](=O)(=O)C(F)(F)F,0.1847,0.2445,0.3145,0.3955,0.5975,0.8415,1.126,1.4785
IL1775,1-ethylpyridinium bis[(trifluoromethyl)sulfonyl]imide,CC[n+]1ccccc1.FC(F)(F)[S](=O)(=O)[N-][S](=O)(=O)C(F)(F)F,CC[n+]1ccccc1,FC(F)(F)[S](=O)(=O)[N-][S](=O)(=O)C(F)(F)F,0.525,0.5725,0.661,0.728,0.975333333,1.249666667,1.572666667,1.335
IL1808,1-methyl-3-octylimidazolium bis(trifluoromethylsulfonyl)imide,CCCCCCCC[n+]1ccn(C)c1.FC(F)(F)[S](=O)(=O)[N-][S](=O)(=O)C(F)(F)F,CCCCCCCC[n+]1ccn(C)c1,FC(F)(F)[S](=O)(=O)[N-][S](=O)(=O)C(F)(F)F,0.0784,0.102975,0.13342,0.1647,0.2467,0.354,0.475,0.627
IL1810,3-methyl-1-propylpyridinium bis(trifluoromethylsulfonyl)imide,CCC[n+]1cccc(C)c1.FC(F)(F)[S](=O)(=O)[N-][S](=O)(=O)C(F)(F)F,CCC[n+]1cccc(C)c1,FC(F)(F)[S](=O)(=O)[N-][S](=O)(=O)C(F)(F)F,0.253,0.318,0.393,0.476,0.671,0.904,1.179,1.485
IL1812,"N-ethyl-N,N-dimethyl-2-methoxyethylammonium bis(trifluoromethylsulfonyl)imide",CC[N+](C)(C)CCOC.FC(F)(F)[S](=O)(=O)[N-][S](=O)(=O)C(F)(F)F,CC[N+](C)(C)CCOC,FC(F)(F)[S](=O)(=O)[N-][S](=O)(=O)C(F)(F)F,0.182,0.23,0.294333333,0.331,0.423,0.527,0.465,0.551
IL1834,"N-ethyl-2-(2-methoxyethoxy)-N,N-dimethylethanaminium bis(trifluoromethylsulfonyl)imide",CC[N+](C)(C)CCOCCOC.FC(F)(F)[S](=O)(=O)[N-][S](=O)(=O)C(F)(F)F,CC[N+](C)(C)CCOCCOC,FC(F)(F)[S](=O)(=O)[N-][S](=O)(=O)C(F)(F)F,0.1622,0.2061,0.257,0.315,0.451,0.616,0.81,1.025
IL1835,1-(2-hydroxyethyl)-pyridinium bis(trifluoromethylsulfonyl)imide,OCC[n+]1ccccc1.FC(F)(F)[S](=O)(=O)[N-][S](=O)(=O)C(F)(F)F,OCC[n+]1ccccc1,FC(F)(F)[S](=O)(=O)[N-][S](=O)(=O)C(F)(F)F,0.132,0.178,0.233,0.299,0.461,0.668,0.912,1.204
IL1867,1-ethyl-3-methylimidazolium bis((trifluoromethyl)sulfonyl)imide,CCn1cc[n+](C)c1.FC(F)(F)[S](=O)(=O)[N-][S](=O)(=O)C(F)(F)F,CCn1cc[n+](C)c1,FC(F)(F)[S](=O)(=O)[N-][S](=O)(=O)C(F)(F)F,0.640433333,0.773777778,0.924307692,1.035588889,1.350972727,1.729866667,2.11866,2.67834
IL1903,1-hexyl-4-methylpyridinium bis(trifluoromethanesulfonyl)imide,CCCCCC[n+]1ccc(C)cc1.FC(F)(F)[S](=O)(=O)[N-][S](=O)(=O)C(F)(F)F,CCCCCC[n+]1ccc(C)cc1,FC(F)(F)[S](=O)(=O)[N-][S](=O)(=O)C(F)(F)F,0.1101,0.1447,0.1852,0.231,0.346,0.487,0.652,0.861
IL0009,1-butyl-3-methylimidazolium methyl sulfate,CCCCn1cc[n+](C)c1.CO[S]([O-])(=O)=O,CCCCn1cc[n+](C)c1,CO[S]([O-])(=O)=O,,0.104,0.117,0.175,0.28025,0.4235,0.61325,0.883
IL0075,1-butyl-3-methylimidazolium hexafluoroantimonate,CCCCn1cc[n+](C)c1.F[Sb-](F)(F)(F)(F)F,CCCCn1cc[n+](C)c1,F[Sb-](F)(F)(F)(F)F,,0.22,0.273,0.328,0.456,0.621,0.916,1.136
IL0094,1-(2-methoxyethyl)-1-methylpyrrolidinium bis((trifluoromethyl)sulfonyl)amide,COCC[N+]1(C)CCCC1.FC(F)(F)[S](=O)(=O)[N-][S](=O)(=O)C(F)(F)F,COCC[N+]1(C)CCCC1,FC(F)(F)[S](=O)(=O)[N-][S](=O)(=O)C(F)(F)F,,0.343,0.3665,0.4145,0.4985,0.568,0.6475,0.722
IL0095,1-butyl-3-methylimidazolium thiocyanate,CCCCn1cc[n+](C)c1.[S-]C#N,CCCCn1cc[n+](C)c1,[S-]C#N,,0.386,0.55,0.676,0.8925,1.1545,1.435,1.194
IL0096,1-ethyl-3-methylimidazolium thiocyanate,CCn1cc[n+](C)c1.[S-]C#N,CCn1cc[n+](C)c1,[S-]C#N,,1.666,1.874,2.083,2.551,3.076,3.612,4.177
IL0117,1-hexyl-3-methylimidazolium dicyanamide,CCCCCCn1cc[n+](C)c1.N#C[N-]C#N,CCCCCCn1cc[n+](C)c1,N#C[N-]C#N,,0.42,0.517,0.626,0.874,1.158,1.479,1.83
IL0148,1-dodecyl-3-methylimidazolium tetrafluoroborate,CCCCCCCCCCCCn1cc[n+](C)c1.F[B-](F)(F)F,CCCCCCCCCCCCn1cc[n+](C)c1,F[B-](F)(F)F,,0.0164,0.0226,0.0304,0.05195,0.08675,0.131,0.1935
IL0223,"N,N-diethyl-2-methoxy-N-methylethan-1-aminium bis((trifluoromethyl)sulfonyl)amide",CC[N+](C)(CC)CCOC.FC(F)(F)[S](=O)(=O)[N-][S](=O)(=O)C(F)(F)F,CC[N+](C)(CC)CCOC,FC(F)(F)[S](=O)(=O)[N-][S](=O)(=O)C(F)(F)F,,0.216,0.26,0.336,0.488,0.67,0.869,1.09
IL0236,"N,N-diethyl-2-methoxy-N-methylethan-1-aminium tetrafluoroborate",CC[N+](C)(CC)CCOC.F[B-](F)(F)F,CC[N+](C)(CC)CCOC,F[B-](F)(F)F,,0.0821,0.13,0.153,0.262,0.414,0.612,0.857
IL0248,"3,5-dimethyl-1-octylpyridinium bis(trifluoromethylsulfonyl)amide",CCCCCCCC[n+]1cc(C)cc(C)c1.FC(F)(F)[S](=O)(=O)[N-][S](=O)(=O)C(F)(F)F,CCCCCCCC[n+]1cc(C)cc(C)c1,FC(F)(F)[S](=O)(=O)[N-][S](=O)(=O)C(F)(F)F,,0.0564,0.0744,0.0961,0.1523,0.227,0.322,0.44
IL0249,"1-butyl-3,5-dimethylpyridinium bis(trifluoromethylsulfonyl)amide",CCCC[n+]1cc(C)cc(C)c1.FC(F)(F)[S](=O)(=O)[N-][S](=O)(=O)C(F)(F)F,CCCC[n+]1cc(C)cc(C)c1,FC(F)(F)[S](=O)(=O)[N-][S](=O)(=O)C(F)(F)F,,0.1548,0.1984,0.249,0.375,0.532,0.732,0.948
IL0250,"1,3-dimethylimidazolium bis((trifluoromethyl)sulfonyl)amide",Cn1cc[n+](C)c1.FC(F)(F)[S](=O)(=O)[N-][S](=O)(=O)C(F)(F)F,Cn1cc[n+](C)c1,FC(F)(F)[S](=O)(=O)[N-][S](=O)(=O)C(F)(F)F,,0.745,0.837,1.015666667,1.324,1.639,2.198,2.667
IL0290,"1-butyl-2,3-dimethylpyridinium bis(trifluoromethylsulfonyl)amide",CCCC[n+]1cccc(C)c1C.FC(F)(F)[S](=O)(=O)[N-][S](=O)(=O)C(F)(F)F,CCCC[n+]1cccc(C)c1C,FC(F)(F)[S](=O)(=O)[N-][S](=O)(=O)C(F)(F)F,,0.1163,0.1541,0.1994,0.314,0.464,0.649,0.832
IL0340,1-(2-methoxyethyl)pyridinium bis(trifluoromethylsulfonyl)amide,COCC[n+]1ccccc1.FC(F)(F)[S](=O)(=O)[N-][S](=O)(=O)C(F)(F)F,COCC[n+]1ccccc1,FC(F)(F)[S](=O)(=O)[N-][S](=O)(=O)C(F)(F)F,,0.328,0.379,0.427,0.529,0.63,0.732,0.835
IL0342,1-methyl-3-propylimidazolium dicyanamide,CCC[n+]1ccn(C)c1.N#C[N-]C#N,CCC[n+]1ccn(C)c1,N#C[N-]C#N,,1.486,1.746,2.027,2.651,3.344,4.107,4.927
IL0343,3-methyl-1-pentylimidazolium dicyanamide,CCCCC[n+]1ccn(C)c1.N#C[N-]C#N,CCCCC[n+]1ccn(C)c1,N#C[N-]C#N,,0.619,0.756,0.902,1.238,1.626,2.052,2.519
IL0405,N-(2-hydroxyethyl)benzenaminium pentanoate,OCC[NH2+]c1ccccc1.CCCCC([O-])=O,OCC[NH2+]c1ccccc1,CCCCC([O-])=O,,0.000504,0.000603,0.000706,0.000956,0.001255,0.001612,0.002076
IL0406,N-(2-hydroxyethyl)benzenaminium butyrate,OCC[NH2+]c1ccccc1.CCCC([O-])=O,OCC[NH2+]c1ccccc1,CCCC([O-])=O,,0.000401,0.000435,0.000469,0.000583,0.000786,0.001008,0.001289
IL0407,N-(2-hydroxyethyl)benzenaminium hexanoate,OCC[NH2+]c1ccccc1.CCCCCC([O-])=O,OCC[NH2+]c1ccccc1,CCCCCC([O-])=O,,0.000831,0.000954,0.001089,0.001411,0.001734,0.002074,0.002472
IL0408,N-(2-hydroxyethyl)benzenaminium propionate,OCC[NH2+]c1ccccc1.CCC([O-])=O,OCC[NH2+]c1ccccc1,CCC([O-])=O,,0.000287,0.000308,0.000353,0.000438,0.000584,0.000704,0.000884
IL0463,1-pentyl-3-methylimidazolium thiocyanate,CCCCC[n+]1ccn(C)c1.[S-]C#N,CCCCC[n+]1ccn(C)c1,[S-]C#N,,0.342,0.394,0.468,0.602,0.779,0.954,1.151
IL0464,1-propyl-3-methylimidazolium thiocyanate,CCC[n+]1ccn(C)c1.[S-]C#N,CCC[n+]1ccn(C)c1,[S-]C#N,,0.669,0.743,0.84,1.043,1.302,1.607,1.941
IL0480,"2,3-dimethyl-1-octylpyridinium bis(trifluoromethylsulfonyl)amide",CCCCCCCC[n+]1cccc(C)c1C.FC(F)(F)[S](=O)(=O)[N-][S](=O)(=O)C(F)(F)F,CCCCCCCC[n+]1cccc(C)c1C,FC(F)(F)[S](=O)(=O)[N-][S](=O)(=O)C(F)(F)F,,0.0409,0.0559,0.0746,0.1246,0.1937,0.284,0.414
IL0496,1-(2-ethoxyethyl)-1-methylpyrrolidinium bis((trifluoromethyl)sulfonyl)amide,CCOCC[N+]1(C)CCCC1.FC(F)(F)[S](=O)(=O)[N-][S](=O)(=O)C(F)(F)F,CCOCC[N+]1(C)CCCC1,FC(F)(F)[S](=O)(=O)[N-][S](=O)(=O)C(F)(F)F,,0.304,0.341,0.381,0.454,0.532,0.611,0.686
IL0497,1-(3-methoxypropyl)-1-methylpyrrolidinium bis((trifluoromethyl)sulfonyl)amide,COCCC[N+]1(C)CCCC1.FC(F)(F)[S](=O)(=O)[N-][S](=O)(=O)C(F)(F)F,COCCC[N+]1(C)CCCC1,FC(F)(F)[S](=O)(=O)[N-][S](=O)(=O)C(F)(F)F,,0.241,0.273,0.306,0.377,0.451,0.528,0.595
IL0498,1-methyl-1-(2-propoxyethyl)pyrrolidinium bis((trifluoromethyl)sulfonyl)amide,CCCOCC[N+]1(C)CCCC1.FC(F)(F)[S](=O)(=O)[N-][S](=O)(=O)C(F)(F)F,CCCOCC[N+]1(C)CCCC1,FC(F)(F)[S](=O)(=O)[N-][S](=O)(=O)C(F)(F)F,,0.22,0.249,0.285,0.349,0.42,0.488,0.558
IL0499,1-(methoxymethyl)-3-methylimidazolium bis((trifluoromethyl)sulfonyl)amide,COC[n+]1ccn(C)c1.FC(F)(F)[S](=O)(=O)[N-][S](=O)(=O)C(F)(F)F,COC[n+]1ccn(C)c1,FC(F)(F)[S](=O)(=O)[N-][S](=O)(=O)C(F)(F)F,,0.401,0.456,0.512,0.631,0.759,0.886,1.013
IL0500,3-(ethoxymethyl)-1-methylimidazolium bis((trifluoromethyl)sulfonyl)amide,CCOCn1cc[n+](C)c1.FC(F)(F)[S](=O)(=O)[N-][S](=O)(=O)C(F)(F)F,CCOCn1cc[n+](C)c1,FC(F)(F)[S](=O)(=O)[N-][S](=O)(=O)C(F)(F)F,,0.341,0.387,0.437,0.543,0.651,0.766,0.874
IL0501,1-(2-ethoxyethyl)-3-methylimidazolium bis((trifluoromethyl)sulfonyl)amide,CCOCC[n+]1ccn(C)c1.FC(F)(F)[S](=O)(=O)[N-][S](=O)(=O)C(F)(F)F,CCOCC[n+]1ccn(C)c1,FC(F)(F)[S](=O)(=O)[N-][S](=O)(=O)C(F)(F)F,,0.353,0.402,0.461,0.551,0.637,0.728,0.81
IL0502,3-(3-methoxypropyl)-1-methylimidazolium bis((trifluoromethyl)sulfonyl)amide,COCCCn1cc[n+](C)c1.FC(F)(F)[S](=O)(=O)[N-][S](=O)(=O)C(F)(F)F,COCCCn1cc[n+](C)c1,FC(F)(F)[S](=O)(=O)[N-][S](=O)(=O)C(F)(F)F,,0.315,0.357,0.405,0.491,0.579,0.673,0.764
IL0503,1-methyl-3-(2-propoxyethyl)imidazolium bis((trifluoromethyl)sulfonyl)amide,CCCOCCn1cc[n+](C)c1.FC(F)(F)[S](=O)(=O)[N-][S](=O)(=O)C(F)(F)F,CCCOCCn1cc[n+](C)c1,FC(F)(F)[S](=O)(=O)[N-][S](=O)(=O)C(F)(F)F,,0.283,0.318,0.359,0.447,0.53,0.606,0.69
IL0504,1-(methoxymethyl)pyridinium bis((trifluoromethyl)sulfonyl)amide,COC[n+]1ccccc1.FC(F)(F)[S](=O)(=O)[N-][S](=O)(=O)C(F)(F)F,COC[n+]1ccccc1,FC(F)(F)[S](=O)(=O)[N-][S](=O)(=O)C(F)(F)F,,0.408,0.458,0.518,0.638,0.76,0.887,1.018
IL0505,1-(ethoxymethyl)pyridinium bis((trifluoromethyl)sulfonyl)amide,CCOC[n+]1ccccc1.FC(F)(F)[S](=O)(=O)[N-][S](=O)(=O)C(F)(F)F,CCOC[n+]1ccccc1,FC(F)(F)[S](=O)(=O)[N-][S](=O)(=O)C(F)(F)F,,0.374,0.414,0.465,0.575,0.676,0.784,0.889
IL0506,1-(2-ethoxyethyl)pyridinium bis((trifluoromethyl)sulfonyl)amide,CCOCC[n+]1ccccc1.FC(F)(F)[S](=O)(=O)[N-][S](=O)(=O)C(F)(F)F,CCOCC[n+]1ccccc1,FC(F)(F)[S](=O)(=O)[N-][S](=O)(=O)C(F)(F)F,,0.296,0.334,0.371,0.458,0.55,0.638,0.721
IL0507,1-(3-methoxypropyl)pyridinium bis((trifluoromethyl)sulfonyl)amide,COCCC[n+]1ccccc1.FC(F)(F)[S](=O)(=O)[N-][S](=O)(=O)C(F)(F)F,COCCC[n+]1ccccc1,FC(F)(F)[S](=O)(=O)[N-][S](=O)(=O)C(F)(F)F,,0.275,0.314,0.362,0.443,0.531,0.622,0.708
IL0508,1-(2-propoxyethyl)pyridinium bis((trifluoromethyl)sulfonyl)amide,CCCOCC[n+]1ccccc1.FC(F)(F)[S](=O)(=O)[N-][S](=O)(=O)C(F)(F)F,CCCOCC[n+]1ccccc1,FC(F)(F)[S](=O)(=O)[N-][S](=O)(=O)C(F)(F)F,,0.228,0.261,0.299,0.381,0.459,0.539,0.613
IL0509,1-(ethoxymethyl)-1-methylpyrrolidinium bis((trifluoromethyl)sulfonyl)amide,CCOC[N+]1(C)CCCC1.FC(F)(F)[S](=O)(=O)[N-][S](=O)(=O)C(F)(F)F,CCOC[N+]1(C)CCCC1,FC(F)(F)[S](=O)(=O)[N-][S](=O)(=O)C(F)(F)F,,0.478,0.514,0.564,0.658,0.745,0.828,0.914
IL1335,"N,N-diethyl-2-methoxy-N-methylethan-1-aminium trifluoro(trifluoromethyl)borate",CC[N+](C)(CC)CCOC.F[B-](F)(F)C(F)(F)F,CC[N+](C)(CC)CCOC,F[B-](F)(F)C(F)(F)F,,0.249,0.3,0.373,0.53,0.72,0.937,1.16
IL1514,"3-(3-cyanopropyl)-1-methylimidazolium 1,1,1-trifluoro-N-[(trifluoromethyl)sulfonyl]methanesulfonamide",C[n+]1ccn(CCCC#N)c1.FC(F)(F)[S](=O)(=O)[N-][S](=O)(=O)C(F)(F)F,C[n+]1ccn(CCCC#N)c1,FC(F)(F)[S](=O)(=O)[N-][S](=O)(=O)C(F)(F)F,,0.093,0.125,0.22,0.381,0.617,0.866,1.23
IL1565,"N1-(2-ethylhexyl)ethane-1,2-diamine trifluoromethanesulfonate",CCCCC(CC)C[NH2+]CCN.[O-][S](=O)(=O)C(F)(F)F,CCCCC(CC)C[NH2+]CCN,[O-][S](=O)(=O)C(F)(F)F,,0.0075,0.0102,0.0144,0.0295,0.0505,0.0945,0.156
IL1599,1-(2-methoxyethyl)-3-methyl-1H-imidazolium bis((trifluoromethyl)sulfonyl)amide,COCCn1cc[n+](C)c1.FC(F)(F)[S](=O)(=O)[N-][S](=O)(=O)C(F)(F)F,COCCn1cc[n+](C)c1,FC(F)(F)[S](=O)(=O)[N-][S](=O)(=O)C(F)(F)F,,0.417,0.468,0.525,0.632,0.743,0.851,0.95
IL1809,butyltrimethylammonium bis(trifluoromethylsulfonyl)imide,CCCC[N+](C)(C)C.FC(F)(F)[S](=O)(=O)[N-][S](=O)(=O)C(F)(F)F,CCCC[N+](C)(C)C,FC(F)(F)[S](=O)(=O)[N-][S](=O)(=O)C(F)(F)F,,0.161,0.21,0.2595,0.3885,0.547,0.74,0.96
IL1898,1-hexyl-1-methylpyrrolidinium bis(trifluoromethanesulfonyl)imide,CCCCCC[N+]1(C)CCCC1.FC(F)(F)[S](=O)(=O)[N-][S](=O)(=O)C(F)(F)F,CCCCCC[N+]1(C)CCCC1,FC(F)(F)[S](=O)(=O)[N-][S](=O)(=O)C(F)(F)F,,0.118,0.16,0.19,0.261,0.39,0.5275,0.68
IL1916,1-hexyl-3-methylimidazolium tris(pentafluoroethyl)trifluorophosphate,CCCCCCn1cc[n+](C)c1.FC(F)(F)C(F)(F)[P-](F)(F)(F)(C(F)(F)C(F)(F)F)C(F)(F)C(F)(F)F,CCCCCCn1cc[n+](C)c1,FC(F)(F)C(F)(F)[P-](F)(F)(F)(C(F)(F)C(F)(F)F)C(F)(F)C(F)(F)F,,0.1303,0.1665,0.209,0.313,0.44,0.593,0.769
IL1950,N-hexylethylenediammonium trifluoroacetate,CCCCCC[NH2+]CC[NH3+].[O-]C(=O)C(F)(F)F.[O-]C(=O)C(F)(F)F,CCCCCC[NH2+]CC[NH3+],[O-]C(=O)C(F)(F)F,,0.0187,0.0246,0.034,0.0592,0.0945,0.141,0.201
IL1951,N-(2-ethylhexyl)ethylenediammonium trifluoroacetate,CCCCC(CC)C[NH2+]CC[NH3+].[O-]C(=O)C(F)(F)F.[O-]C(=O)C(F)(F)F,CCCCC(CC)C[NH2+]CC[NH3+],[O-]C(=O)C(F)(F)F,,0.00802,0.0112,0.0158,0.0302,0.0502,0.078,0.112
IL1628,"1-ethyl-3-methylimidazolium difluorobis(2,2,2-trifluoroacetoxy)borate",CCn1cc[n+](C)c1.F[B-](F)(OC(=O)C(F)(F)F)OC(=O)C(F)(F)F,CCn1cc[n+](C)c1,F[B-](F)(OC(=O)C(F)(F)F)OC(=O)C(F)(F)F,0.7904,,1.117,1.3009,1.7072,2.161,2.6557,3.1873
IL1629,tetraethylammonium diacetoxydifluoroborate,CC[N+](CC)(CC)CC.CC(=O)O[B-](F)(F)OC(C)=O,CC[N+](CC)(CC)CC,CC(=O)O[B-](F)(F)OC(C)=O,0.05875,,0.1167,0.1577,0.2685,0.4225,0.6238,0.8742
IL1630,1-ethyl-3-methylimidazolium difluoromono(malonato)borate,CCn1cc[n+](C)c1.F[B-]1(F)OC(=O)CC(=O)O1,CCn1cc[n+](C)c1,F[B-]1(F)OC(=O)CC(=O)O1,0.1867,,0.3456,0.4503,0.7103,1.0396,1.4351,1.8942
IL1631,1-butyl-3-methylimidazolium difluoromono(oxalato)borate,CCCCn1cc[n+](C)c1.F[B-]1(F)OC(=O)C(=O)O1,CCCCn1cc[n+](C)c1,F[B-]1(F)OC(=O)C(=O)O1,0.1607,,0.2976,0.389,0.6188,0.9138,1.2702,1.6848
IL1640,1-ethyl-3-methylimidazolium difluorobis(acetato)borate,CCn1cc[n+](C)c1.CC(=O)O[B-](F)(F)OC(C)=O,CCn1cc[n+](C)c1,CC(=O)O[B-](F)(F)OC(C)=O,0.1324,,0.2539,0.3364,0.5489,0.8289,1.1759,1.5899
IL1641,1-butyl-3-methylimidazolium difluorobis(trifluoroacetato)borate,CCCCn1cc[n+](C)c1.F[B-](F)(OC(=O)C(F)(F)F)OC(=O)C(F)(F)F,CCCCn1cc[n+](C)c1,F[B-](F)(OC(=O)C(F)(F)F)OC(=O)C(F)(F)F,0.3592,,0.5439,0.6528,0.9035,1.1952,1.5247,1.8894
IL1642,tetraethylammonium difluorobis(trifluoroacetato)borate,CC[N+](CC)(CC)CC.F[B-](F)(OC(=O)C(F)(F)F)OC(=O)C(F)(F)F,CC[N+](CC)(CC)CC,F[B-](F)(OC(=O)C(F)(F)F)OC(=O)C(F)(F)F,0.2865,,0.4341,0.5223,0.7279,0.9723,1.2535,1.5697
IL1643,1-butyl-3-methylimidazolium diacetoxydifluoroborate,CCCCn1cc[n+](C)c1.CC(=O)O[B-](F)(F)OC(C)=O,CCCCn1cc[n+](C)c1,CC(=O)O[B-](F)(F)OC(C)=O,0.04722,,0.09661,0.1327,0.2321,0.3735,0.5606,0.7946
IL1644,1-butyl-3-methylimidazolium difluoromono(malonato)borate,CCCCn1cc[n+](C)c1.F[B-]1(F)OC(=O)CC(=O)O1,CCCCn1cc[n+](C)c1,F[B-]1(F)OC(=O)CC(=O)O1,0.09494,,0.1886,0.2544,0.4278,0.6627,0.961,1.3227
IL1645,1-ethyl-3-methylimidazolium difluoromono(oxalato)borate,CCn1cc[n+](C)c1.F[B-]1(F)OC(=O)C(=O)O1,CCn1cc[n+](C)c1,F[B-]1(F)OC(=O)C(=O)O1,0.3804,,0.6619,0.8376,1.2596,1.7706,2.3607,3.0187
IL0077,1-ethyl-3-methylimidazolium methyl sulfate,CCn1cc[n+](C)c1.CO[S]([O-])(=O)=O,CCn1cc[n+](C)c1,CO[S]([O-])(=O)=O,,,0.5745,0.723,1.019,1.389,1.839,2.336
IL0102,1-butyl-3-isopentylimidazolium bis((trifluoromethyl)sulfonyl)amide,CCCC[n+]1ccn(CCC(C)C)c1.FC(F)(F)[S](=O)(=O)[N-][S](=O)(=O)C(F)(F)F,CCCC[n+]1ccn(CCC(C)C)c1,FC(F)(F)[S](=O)(=O)[N-][S](=O)(=O)C(F)(F)F,,,0.145,0.182,0.273,0.389,0.529,0.694
IL0172,trihexyltetradecylphosphonium decanoate,CCCCCCCCCCCCCC[P+](CCCCCC)(CCCCCC)CCCCCC.CCCCCCCCCC([O-])=O,CCCCCCCCCCCCCC[P+](CCCCCC)(CCCCCC)CCCCCC,CCCCCCCCCC([O-])=O,,,0.00174,0.00239,0.00395,0.00631,0.00949,0.01371
IL0270,1-ethyl-3-methylimidazolium decyl sulfate,CCn1cc[n+](C)c1.CCCCCCCCCCO[S]([O-])(=O)=O,CCn1cc[n+](C)c1,CCCCCCCCCCO[S]([O-])(=O)=O,,,0.0394,0.0528,0.0887,0.138,0.202,0.293
IL0275,trihexyltetradecylphosphonium heptadecafluorooctanesulfonate,CCCCCCCCCCCCCC[P+](CCCCCC)(CCCCCC)CCCCCC.[O-][S](=O)(=O)C(F)(F)C(F)(F)C(F)(F)C(F)(F)C(F)(F)C(F)(F)C(F)(F)C(F)(F)F,CCCCCCCCCCCCCC[P+](CCCCCC)(CCCCCC)CCCCCC,[O-][S](=O)(=O)C(F)(F)C(F)(F)C(F)(F)C(F)(F)C(F)(F)C(F)(F)C(F)(F)C(F)(F)F,,,0.0007,0.001,0.0018,0.0031,0.0055,0.0079
IL0276,trihexyltetradecylphosphonium nonafluorobutanesulfonate,CCCCCCCCCCCCCC[P+](CCCCCC)(CCCCCC)CCCCCC.[O-][S](=O)(=O)C(F)(F)C(F)(F)C(F)(F)C(F)(F)F,CCCCCCCCCCCCCC[P+](CCCCCC)(CCCCCC)CCCCCC,[O-][S](=O)(=O)C(F)(F)C(F)(F)C(F)(F)C(F)(F)F,,,0.0023,0.0032,0.0055,0.0085,0.0132,0.019
IL0277,trihexyltetradecylphosphonium nonafluoropentanoate,CCCCCCCCCCCCCC[P+](CCCCCC)(CCCCCC)CCCCCC.[O-]C(=O)C(F)(F)C(F)(F)C(F)(F)C(F)(F)F,CCCCCCCCCCCCCC[P+](CCCCCC)(CCCCCC)CCCCCC,[O-]C(=O)C(F)(F)C(F)(F)C(F)(F)C(F)(F)F,,,0.0053,0.0065,0.0101,0.0152,0.022,0.0325
IL0278,trihexyltetradecylphosphonium heptadecafluorononanoate,CCCCCCCCCCCCCC[P+](CCCCCC)(CCCCCC)CCCCCC.[O-]C(=O)C(F)(F)C(F)(F)C(F)(F)C(F)(F)C(F)(F)C(F)(F)C(F)(F)C(F)(F)F,CCCCCCCCCCCCCC[P+](CCCCCC)(CCCCCC)CCCCCC,[O-]C(=O)C(F)(F)C(F)(F)C(F)(F)C(F)(F)C(F)(F)C(F)(F)C(F)(F)C(F)(F)F,,,0.0017,0.0023,0.0037,0.0062,0.0094,0.0138
IL0296,"4-methyl-1-propyl-1H-1,2,4-triazol-4-ium bis((trifluoromethyl)sulfonyl)amide",CCCn1c[n+](C)cn1.FC(F)(F)[S](=O)(=O)[N-][S](=O)(=O)C(F)(F)F,CCCn1c[n+](C)cn1,FC(F)(F)[S](=O)(=O)[N-][S](=O)(=O)C(F)(F)F,,,0.1823,0.2315,0.353,0.507,0.691,0.9075
IL0297,"1-butyl-4-methyl-1H-1,2,4-triazol-4-ium bis((trifluoromethyl)sulfonyl)amide",CCCCn1c[n+](C)cn1.FC(F)(F)[S](=O)(=O)[N-][S](=O)(=O)C(F)(F)F,CCCCn1c[n+](C)cn1,FC(F)(F)[S](=O)(=O)[N-][S](=O)(=O)C(F)(F)F,,,0.122,0.157,0.245,0.357,0.493,0.652
IL0298,"1-hexyl-4-methyl-1H-1,2,4-triazol-4-ium bis((trifluoromethyl)sulfonyl)amide",CCCCCCn1c[n+](C)cn1.FC(F)(F)[S](=O)(=O)[N-][S](=O)(=O)C(F)(F)F,CCCCCCn1c[n+](C)cn1,FC(F)(F)[S](=O)(=O)[N-][S](=O)(=O)C(F)(F)F,,,0.0638,0.0856,0.143,0.219,0.316,0.434
IL0299,"4-methyl-1-octyl-1H-1,2,4-triazol-4-ium bis((trifluoromethyl)sulfonyl)amide",CCCCCCCCn1c[n+](C)cn1.FC(F)(F)[S](=O)(=O)[N-][S](=O)(=O)C(F)(F)F,CCCCCCCCn1c[n+](C)cn1,FC(F)(F)[S](=O)(=O)[N-][S](=O)(=O)C(F)(F)F,,,0.0433,0.0576,0.0952,0.146,0.211,0.29
IL0300,"1-decyl-4-methyl-1H-1,2,4-triazol-4-ium bis((trifluoromethyl)sulfonyl)amide",CCCCCCCCCCn1c[n+](C)cn1.FC(F)(F)[S](=O)(=O)[N-][S](=O)(=O)C(F)(F)F,CCCCCCCCCCn1c[n+](C)cn1,FC(F)(F)[S](=O)(=O)[N-][S](=O)(=O)C(F)(F)F,,,0.0336,0.0439,0.0705,0.106,0.153,0.209
IL0301,"1-dodecyl-4-methyl-1H-1,2,4-triazol-4-ium bis((trifluoromethyl)sulfonyl)amide",CCCCCCCCCCCCn1c[n+](C)cn1.FC(F)(F)[S](=O)(=O)[N-][S](=O)(=O)C(F)(F)F,CCCCCCCCCCCCn1c[n+](C)cn1,FC(F)(F)[S](=O)(=O)[N-][S](=O)(=O)C(F)(F)F,,,0.023,0.0309,0.0521,0.0819,0.122,0.172
IL0302,"1-ethyl-4-methyl-1H-1,2,4-triazol-4-ium bis((trifluoromethyl)sulfonyl)amide",CCn1c[n+](C)cn1.FC(F)(F)[S](=O)(=O)[N-][S](=O)(=O)C(F)(F)F,CCn1c[n+](C)cn1,FC(F)(F)[S](=O)(=O)[N-][S](=O)(=O)C(F)(F)F,,,0.324,0.399,0.576,0.789,1.035,1.31
IL0355,"4-methyl-1-propyl-1,2,4-triazolium tetrafluoroborate",CCCn1c[n+](C)cn1.F[B-](F)(F)F,CCCn1c[n+](C)cn1,F[B-](F)(F)F,,,0.245,0.312,0.476,0.69,0.951,1.2544
IL0357,"4-methyl-1-propyl-1,2,4-triazolium tosylate",CCCn1c[n+](C)cn1.Cc1ccc(cc1)[S]([O-])(=O)=O,CCCn1c[n+](C)cn1,Cc1ccc(cc1)[S]([O-])(=O)=O,,,0.00551,0.00907,0.0207,0.0412,0.0744,0.1196
IL0361,N-(2-aminoethyl)hexan-1-aminium bis((trifluoromethyl)sulfonyl)amide,CCCCCC[NH2+]CCN.FC(F)(F)[S](=O)(=O)[N-][S](=O)(=O)C(F)(F)F,CCCCCC[NH2+]CCN,FC(F)(F)[S](=O)(=O)[N-][S](=O)(=O)C(F)(F)F,,,0.0238,0.0284,0.056,0.101,0.169,0.255
IL0362,"N-ethyl-N,N-dimethylprop-2-en-1-aminium dicyanamide",CC[N+](C)(C)CC=C.N#C[N-]C#N,CC[N+](C)(C)CC=C,N#C[N-]C#N,,,1.92,2.2,2.82,3.5,4.26,5
IL0363,"N-ethyl-N,N-dimethylprop-2-en-1-aminium trifluoroacetate",CC[N+](C)(C)CC=C.[O-]C(=O)C(F)(F)F,CC[N+](C)(C)CC=C,[O-]C(=O)C(F)(F)F,,,0.357,0.447,0.665,0.936,1.262,1.655
IL0364,"N-ethyl-N,N-dimethylprop-2-en-1-aminium trifluoromethanesulfonate",CC[N+](C)(C)CC=C.[O-][S](=O)(=O)C(F)(F)F,CC[N+](C)(C)CC=C,[O-][S](=O)(=O)C(F)(F)F,,,0.203,0.262,0.42,0.6,0.854,1.161
IL0365,"N-ethyl-N,N-dimethylprop-2-en-1-aminium bis((trifluoromethyl)sulfonyl)amide",CC[N+](C)(C)CC=C.FC(F)(F)[S](=O)(=O)[N-][S](=O)(=O)C(F)(F)F,CC[N+](C)(C)CC=C,FC(F)(F)[S](=O)(=O)[N-][S](=O)(=O)C(F)(F)F,,,0.349,0.427,0.601,0.815,1.075,1.382
IL0382,"2-hydroxy-N,N,N-trimethylethanaminium glycinate",C[N+](C)(C)CCO.NCC([O-])=O,C[N+](C)(C)CCO,NCC([O-])=O,,,0.00677,0.0104,0.02203,0.0388,0.0609,0.0993
IL0383,"2-hydroxy-N,N,N-trimethylethanaminium L-alaninate",C[N+](C)(C)CCO.C[C@H](N)C([O-])=O,C[N+](C)(C)CCO,C[C@H](N)C([O-])=O,,,0.00213,0.00577,0.01255,0.02493,0.0397,0.0655
IL0384,"2-hydroxy-N,N,N-trimethylethanaminium .beta.-alaninate",C[N+](C)(C)CCO.NCCC([O-])=O,C[N+](C)(C)CCO,NCCC([O-])=O,,,0.00071,0.00143,0.00494,0.01336,0.02272,0.0379
IL0385,"2-hydroxy-N,N,N-trimethylethanaminium L-prolinate",C[N+](C)(C)CCO.[O-]C(=O)[C@@H]1CCCN1,C[N+](C)(C)CCO,[O-]C(=O)[C@@H]1CCCN1,,,0.00003,0.00013,0.0007,0.00204,0.00435,0.00649
IL0386,"2-hydroxy-N,N,N-trimethylethanaminium L-serinate",C[N+](C)(C)CCO.N[C@@H](CO)C([O-])=O,C[N+](C)(C)CCO,N[C@@H](CO)C([O-])=O,,,0.00093,0.00145,0.00359,0.00833,0.01749,0.037
IL0392,"1-ethyl-2,3-dimethylimidazolium hydrogen sulfate",CCn1cc[n+](C)c1C.O[S]([O-])(=O)=O,CCn1cc[n+](C)c1C,O[S]([O-])(=O)=O,,,0.15,0.193,0.308,0.458,0.665,0.925
IL0393,"2,3-dimethyl-1-propylimidazolium hydrogen sulfate",CCCn1cc[n+](C)c1C.O[S]([O-])(=O)=O,CCCn1cc[n+](C)c1C,O[S]([O-])(=O)=O,,,0.123,0.162,0.267,0.409,0.6,0.832
IL0394,"1-butyl-2,3-dimethylimidazolium hydrogen sulfate",CCCCn1cc[n+](C)c1C.O[S]([O-])(=O)=O,CCCCn1cc[n+](C)c1C,O[S]([O-])(=O)=O,,,0.1,0.135,0.231,0.36,0.531,0.739
IL0395,"2,3-dimethyl-1-pentylimidazolium hydrogen sulfate",CCCCC[n+]1ccn(C)c1C.O[S]([O-])(=O)=O,CCCCC[n+]1ccn(C)c1C,O[S]([O-])(=O)=O,,,0.075,0.105,0.197,0.324,0.485,0.675
IL0518,tetrabutylphosphonium L-prolinate,CCCC[P+](CCCC)(CCCC)CCCC.[O-]C(=O)[C@@H]1CCCN1,CCCC[P+](CCCC)(CCCC)CCCC,[O-]C(=O)[C@@H]1CCCN1,,,0.0073,0.01,0.02,0.035,0.058,0.091
IL0624,4-(2-methoxyethyl)-4-methylmorpholinium bis(trifluoromethylsulfonyl)amide,COCC[N+]1(C)CCOCC1.FC(F)(F)[S](=O)(=O)[N-][S](=O)(=O)C(F)(F)F,COCC[N+]1(C)CCOCC1,FC(F)(F)[S](=O)(=O)[N-][S](=O)(=O)C(F)(F)F,,,0.065,0.079,0.108,0.136,0.17,0.257
IL0660,(3-aminopropyl)tributylphosphonium L-alaninate,CCCC[P+](CCCC)(CCCC)CCCN.C[C@H](N)C([O-])=O,CCCC[P+](CCCC)(CCCC)CCCN,C[C@H](N)C([O-])=O,,,0.0146285,0.021367,0.032765,0.047225,0.066055,0.08925
IL0661,(3-aminopropyl)tributylphosphonium L-valinate,CCCC[P+](CCCC)(CCCC)CCCN.CC(C)[C@H](N)C([O-])=O,CCCC[P+](CCCC)(CCCC)CCCN,CC(C)[C@H](N)C([O-])=O,,,0.011252,0.015509,0.0254035,0.037929,0.054785,0.076705
IL0662,(3-aminopropyl)tributylphosphonium L-leucinate,CCCC[P+](CCCC)(CCCC)CCCN.CC(C)C[C@H](N)C([O-])=O,CCCC[P+](CCCC)(CCCC)CCCN,CC(C)C[C@H](N)C([O-])=O,,,0.008,0.01084,0.01848,0.02907,0.04135,0.0605
IL1501,"N-ethyl-N,N-dimethyl-1-propanaminium 1,1,1-trifluoro-N-[(trifluoromethyl)sulfonyl]methanesulfonamide",CCC[N+](C)(C)CC.FC(F)(F)[S](=O)(=O)[N-][S](=O)(=O)C(F)(F)F,CCC[N+](C)(C)CC,FC(F)(F)[S](=O)(=O)[N-][S](=O)(=O)C(F)(F)F,,,0.248,0.2905,0.325,0.358,0.414,0.519
IL1587,1-butyl-3-methyl-1H-imidazolium (S)-2-amino-3-carboxypropanoate,CCCCn1cc[n+](C)c1.N[C@@H](CC(O)=O)C([O-])=O,CCCCn1cc[n+](C)c1,N[C@@H](CC(O)=O)C([O-])=O,,,0.075,0.082,0.123,0.197,0.278,0.368
IL1627,"tributyl(3,3,4,4,5,5,6,6,7,7,8,8,8-tridecafluorooctyl)phosphonium tris(perfluoroethyl)trifluorophosphate",CCCC[P+](CCCC)(CCCC)CCC(F)(F)C(F)(F)C(F)(F)C(F)(F)C(F)(F)C(F)(F)F.FC(F)(F)C(F)(F)[P-](F)(F)(F)(C(F)(F)C(F)(F)F)C(F)(F)C(F)(F)F,CCCC[P+](CCCC)(CCCC)CCC(F)(F)C(F)(F)C(F)(F)C(F)(F)C(F)(F)C(F)(F)F,FC(F)(F)C(F)(F)[P-](F)(F)(F)(C(F)(F)C(F)(F)F)C(F)(F)C(F)(F)F,,,0.013,0.018,0.028,0.046,0.066,0.097
IL1853,1-(2-methoxyethyl)-1-methylpiperidinium bis(trifluoromethylsulfonyl)imide,COCC[N+]1(C)CCCCC1.FC(F)(F)[S](=O)(=O)[N-][S](=O)(=O)C(F)(F)F,COCC[N+]1(C)CCCCC1,FC(F)(F)[S](=O)(=O)[N-][S](=O)(=O)C(F)(F)F,,,0.209,0.241,0.287,0.325,0.396,0.489
IL1870,1-cyclopentyl-3-butylimidazolium bis((trifluoromethyl)sulfonyl)imide,CCCCn1cc[n+](c1)C2CCCC2.FC(F)(F)[S](=O)(=O)[N-][S](=O)(=O)C(F)(F)F,CCCCn1cc[n+](c1)C2CCCC2,FC(F)(F)[S](=O)(=O)[N-][S](=O)(=O)C(F)(F)F,,,0.197,0.246,0.361,0.504,0.668,0.878
IL1871,1-butyl-3-pentylimidazolium bis((trifluoromethyl)sulfonyl)imide,CCCCCn1cc[n+](CCCC)c1.FC(F)(F)[S](=O)(=O)[N-][S](=O)(=O)C(F)(F)F,CCCCCn1cc[n+](CCCC)c1,FC(F)(F)[S](=O)(=O)[N-][S](=O)(=O)C(F)(F)F,,,0.164,0.205,0.303,0.427,0.58,0.757
IL1913,trihexyl(tetradecyl)phosphonium tris(pentafluoroethyl)trifluorophosphate,CCCCCCCCCCCCCC[P+](CCCCCC)(CCCCCC)CCCCCC.FC(F)(F)C(F)(F)[P-](F)(F)(F)(C(F)(F)C(F)(F)F)C(F)(F)C(F)(F)F,CCCCCCCCCCCCCC[P+](CCCCCC)(CCCCCC)CCCCCC,FC(F)(F)C(F)(F)[P-](F)(F)(F)(C(F)(F)C(F)(F)F)C(F)(F)C(F)(F)F,,,0.012,0.016,0.024,0.038,0.055,0.074
IL1918,tributyloctylphosphonium tris(pentafluoroethyl)trifluorophosphate,CCCCCCCC[P+](CCCC)(CCCC)CCCC.FC(F)(F)C(F)(F)[P-](F)(F)(F)(C(F)(F)C(F)(F)F)C(F)(F)C(F)(F)F,CCCCCCCC[P+](CCCC)(CCCC)CCCC,FC(F)(F)C(F)(F)[P-](F)(F)(F)(C(F)(F)C(F)(F)F)C(F)(F)C(F)(F)F,,,0.024,0.032,0.052,0.076,0.118,0.162
IL1928,"(oxybis(ethane-2,1-diyl)) bis(diethylsulfonium)dicyanamide",CC[S+](CC)CCOCC[S+](CC)CC.N#C[N-]C#N.N#C[N-]C#N,CC[S+](CC)CCOCC[S+](CC)CC,N#C[N-]C#N,,,0.187,0.25,0.415,0.714,0.99,1.308
IL1930,"3,3-(((oxybis(ethane-2,1-diyl))bis(oxy))bis(ethane-2,1-diyl))bis(1-butyl-1H-imidazol-3-ium) dicyanamide",CCCCn1cc[n+](CCOCCOCCOCC[n+]2ccn(CCCC)c2)c1.N#C[N-]C#N.N#C[N-]C#N,CCCCn1cc[n+](CCOCCOCCOCC[n+]2ccn(CCCC)c2)c1,N#C[N-]C#N,,,0.17,0.197,0.304,0.482,0.714,1.001
IL1931,"3,3-(3,6,9,12-tetraoxatetradecane-1,14-diyl)bis(1-butyl-1H-imidazol-3-ium) dicyanamide",CCCCn1cc[n+](CCOCCOCCOCCOCC[n+]2ccn(CCCC)c2)c1.N#C[N-]C#N.N#C[N-]C#N,CCCCn1cc[n+](CCOCCOCCOCCOCC[n+]2ccn(CCCC)c2)c1,N#C[N-]C#N,,,0.131,0.194,0.325,0.582,0.828,1.117
IL1932,"3,3-(oxybis(ethane-2,1-diyl))bis(1-butyl-1H-imidazol-3-ium) dicyanamide",CCCCn1cc[n+](CCOCC[n+]2ccn(CCCC)c2)c1.N#C[N-]C#N.N#C[N-]C#N,CCCCn1cc[n+](CCOCC[n+]2ccn(CCCC)c2)c1,N#C[N-]C#N,,,0.232,0.304,0.444,0.743,1.057,1.464
IL1933,"3,3-((ethane-1,2-diylbis(oxy))bis(ethane-2,1-diyl))bis(1-butyl-1H-imidazol-3-ium) bis((trifluoromethyl)sulfonyl) amide",CCCCn1cc[n+](CCOCCOCC[n+]2ccn(CCCC)c2)c1.FC(F)(F)[S](=O)(=O)[N-][S](=O)(=O)C(F)(F)F.FC(F)(F)[S](=O)(=O)[N-][S](=O)(=O)C(F)(F)F,CCCCn1cc[n+](CCOCCOCC[n+]2ccn(CCCC)c2)c1,FC(F)(F)[S](=O)(=O)[N-][S](=O)(=O)C(F)(F)F,,,0.079,0.104,0.165,0.262,0.377,0.529
IL1934,"3,3-(oxybis(ethane-2,1-diyl))bis(1-butyl-1H-imidazol-3-ium) bis((trifluoromethyl)sulfonyl)amide",CCCCn1cc[n+](CCOCC[n+]2ccn(CCCC)c2)c1.FC(F)(F)[S](=O)(=O)[N-][S](=O)(=O)C(F)(F)F.FC(F)(F)[S](=O)(=O)[N-][S](=O)(=O)C(F)(F)F,CCCCn1cc[n+](CCOCC[n+]2ccn(CCCC)c2)c1,FC(F)(F)[S](=O)(=O)[N-][S](=O)(=O)C(F)(F)F,,,0.065,0.082,0.14,0.216,0.317,0.444
IL1935,"1,1-(3,6,9,12-tetraoxatetradecane-1,14-diyl)bis(1-methylpyrrolidin-1-ium) bis((trifluoromethyl)sulfonyl)amide",C[N+]1(CCCC1)CCOCCOCCOCCOCC[N+]2(C)CCCC2.FC(F)(F)[S](=O)(=O)[N-][S](=O)(=O)C(F)(F)F.FC(F)(F)[S](=O)(=O)[N-][S](=O)(=O)C(F)(F)F,C[N+]1(CCCC1)CCOCCOCCOCCOCC[N+]2(C)CCCC2,FC(F)(F)[S](=O)(=O)[N-][S](=O)(=O)C(F)(F)F,,,0.094,0.114,0.157,0.223,0.332,0.452
IL1936,"3,3-(3,6,9,12-tetraoxatetradecane-1,14-diyl)bis(1-butyl-1H-imidazol-3-ium) bis((trifluoromethyl)sulfonyl) amide",CCCCn1cc[n+](CCOCCOCCOCCOCC[n+]2ccn(CCCC)c2)c1.FC(F)(F)[S](=O)(=O)[N-][S](=O)(=O)C(F)(F)F.FC(F)(F)[S](=O)(=O)[N-][S](=O)(=O)C(F)(F)F,CCCCn1cc[n+](CCOCCOCCOCCOCC[n+]2ccn(CCCC)c2)c1,FC(F)(F)[S](=O)(=O)[N-][S](=O)(=O)C(F)(F)F,,,0.07,0.095,0.154,0.238,0.343,0.482
IL1937,"1,1-(((oxybis(ethane-2,1-diyl))bis(oxy))bis(ethane-2,1-diyl))bis(1-methylpyrrolidin-1-ium) bis((trifluoromethyl)sulfonyl) amide",C[N+]1(CCCC1)CCOCCOCCOCC[N+]2(C)CCCC2.FC(F)(F)[S](=O)(=O)[N-][S](=O)(=O)C(F)(F)F.FC(F)(F)[S](=O)(=O)[N-][S](=O)(=O)C(F)(F)F,C[N+]1(CCCC1)CCOCCOCCOCC[N+]2(C)CCCC2,FC(F)(F)[S](=O)(=O)[N-][S](=O)(=O)C(F)(F)F,,,0.099,0.121,0.177,0.264,0.359,0.473
IL1938,"3,3-(((oxybis(ethane-2,1-diyl))bis(oxy))bis(ethane-2,1-diyl))bis(1-butyl-1H-imidazol-3-ium) bis((trifluoromethyl)sulfonyl)amide",CCCCn1cc[n+](CCOCCOCCOCC[n+]2ccn(CCCC)c2)c1.FC(F)(F)[S](=O)(=O)[N-][S](=O)(=O)C(F)(F)F.FC(F)(F)[S](=O)(=O)[N-][S](=O)(=O)C(F)(F)F,CCCCn1cc[n+](CCOCCOCCOCC[n+]2ccn(CCCC)c2)c1,FC(F)(F)[S](=O)(=O)[N-][S](=O)(=O)C(F)(F)F,,,0.072,0.096,0.154,0.229,0.343,0.475
IL1949,"3,3'-(propane-1,3-diyl)bis(1-methyl-1H-imidazol-3-ium) bis((trifluoromethyl)sulfonyl)amide",Cn1cc[n+](CCC[n+]2ccn(C)c2)c1.FC(F)(F)[S](=O)(=O)[N-][S](=O)(=O)C(F)(F)F.FC(F)(F)[S](=O)(=O)[N-][S](=O)(=O)C(F)(F)F,Cn1cc[n+](CCC[n+]2ccn(C)c2)c1,FC(F)(F)[S](=O)(=O)[N-][S](=O)(=O)C(F)(F)F,,,0.044,0.072,0.131,0.204,0.305,0.428
IL1969,"(oxybis(ethane-2,1-diyl))bis(diethyl sulfonium) bis((trifluoromethyl)sulfonyl) amide",CC[S+](CC)CCOCC[S+](CC)CC.FC(F)(F)[S](=O)(=O)[N-][S](=O)(=O)C(F)(F)F.FC(F)(F)[S](=O)(=O)[N-][S](=O)(=O)C(F)(F)F,CC[S+](CC)CCOCC[S+](CC)CC,FC(F)(F)[S](=O)(=O)[N-][S](=O)(=O)C(F)(F)F,,,0.25,0.352,0.52,0.561,0.77,1.017
IL1970,"((ethane-1,2-diylbis(oxy))bis(ethane-2,1-diyl))bis(diethylsulfonium) bis((trifluoromethyl)sulfonyl) amide",CC[S+](CC)CCOCCOCC[S+](CC)CC.FC(F)(F)[S](=O)(=O)[N-][S](=O)(=O)C(F)(F)F.FC(F)(F)[S](=O)(=O)[N-][S](=O)(=O)C(F)(F)F,CC[S+](CC)CCOCCOCC[S+](CC)CC,FC(F)(F)[S](=O)(=O)[N-][S](=O)(=O)C(F)(F)F,,,0.091,0.11,0.241,0.284,0.334,0.453
IL1971,"(((oxybis(ethane-2,1-diyl))bis(oxy))bis(ethane-2,1-diyl))bis(diethylsulfonium) bis((trifluoromethyl) sulfonyl) amide",CC[S+](CC)CCOCCOCCOCC[S+](CC)CC.FC(F)(F)[S](=O)(=O)[N-][S](=O)(=O)C(F)(F)F.FC(F)(F)[S](=O)(=O)[N-][S](=O)(=O)C(F)(F)F,CC[S+](CC)CCOCCOCCOCC[S+](CC)CC,FC(F)(F)[S](=O)(=O)[N-][S](=O)(=O)C(F)(F)F,,,0.13,0.155,0.253,0.384,0.554,0.741
IL1972,"(3,6,9,12-tetraoxatetradecane-1,14-diyl)bis(diethylsulfonium) bis((trifluoromethyl)sulfonyl)amide",CC[S+](CC)CCOCCOCCOCCOCC[S+](CC)CC.FC(F)(F)[S](=O)(=O)[N-][S](=O)(=O)C(F)(F)F.FC(F)(F)[S](=O)(=O)[N-][S](=O)(=O)C(F)(F)F,CC[S+](CC)CCOCCOCCOCCOCC[S+](CC)CC,FC(F)(F)[S](=O)(=O)[N-][S](=O)(=O)C(F)(F)F,,,0.238,0.295,0.415,0.645,0.851,1.139
IL1973,"((ethane-1,2-diylbis(oxy))bis(ethane-2,1-diyl))bis(diethylsulfonium) dicyanamide",CC[S+](CC)CCOCCOCC[S+](CC)CC.N#C[N-]C#N.N#C[N-]C#N,CC[S+](CC)CCOCCOCC[S+](CC)CC,N#C[N-]C#N,,,0.067,0.074,0.138,0.229,0.41,0.54
IL1974,"(((oxybis(ethane-2,1-diyl))bis(oxy))bis(ethane-2,1-diyl))bis(diethylsulfonium) dicyanamide",CC[S+](CC)CCOCCOCCOCC[S+](CC)CC.N#C[N-]C#N.N#C[N-]C#N,CC[S+](CC)CCOCCOCCOCC[S+](CC)CC,N#C[N-]C#N,,,0.143,0.22,0.442,0.621,0.76,1.154
IL1975,"(3,6,9,12-tetraoxatetradecane-1,14-diyl)bis(diethylsulfonium) dicyanamide",CC[S+](CC)CCOCCOCCOCCOCC[S+](CC)CC.N#C[N-]C#N.N#C[N-]C#N,CC[S+](CC)CCOCCOCCOCCOCC[S+](CC)CC,N#C[N-]C#N,,,0.339,0.41,0.621,0.942,1.26,1.664
IL1976,"3,3'-((ethane-1,2-diylbis(oxy))bis(ethane-2,1-diyl))bis(1-butyl-1H-imidazol-3-ium) dicyanamide",CCCCn1cc[n+](CCOCCOCC[n+]2ccn(CCCC)c2)c1.N#C[N-]C#N.N#C[N-]C#N,CCCCn1cc[n+](CCOCCOCC[n+]2ccn(CCCC)c2)c1,N#C[N-]C#N,,,0.154,0.184,0.296,0.456,0.704,1.015
IL1977,"1,1'-(3,6,9,12-tetraoxatetradecane-1,14-diyl)bis(1-methylpyrrolidin-1-ium) dicyanamide",C[N+]1(CCCC1)CCOCCOCCOCCOCC[N+]2(C)CCCC2.N#C[N-]C#N.N#C[N-]C#N,C[N+]1(CCCC1)CCOCCOCCOCCOCC[N+]2(C)CCCC2,N#C[N-]C#N,,,0.145,0.183,0.285,0.444,0.663,0.943
IL1978,"1,1'-(((oxybis(ethane-2,1-diyl))bis(oxy))bis(ethane-2,1-diyl))bis(1-methylpyrrolidin-1-ium) dicyanamide",C[N+]1(CCCC1)CCOCCOCCOCC[N+]2(C)CCCC2.N#C[N-]C#N.N#C[N-]C#N,C[N+]1(CCCC1)CCOCCOCCOCC[N+]2(C)CCCC2,N#C[N-]C#N,,,0.252,0.298,0.458,0.653,0.959,1.264
IL1979,"1,1'-((ethane-1,2-diylbis(oxy))bis(ethane-2,1-diyl))bis(1-methylpyrrolidin-1-ium) dicyanamide",C[N+]1(CCCC1)CCOCCOCC[N+]2(C)CCCC2.N#C[N-]C#N.N#C[N-]C#N,C[N+]1(CCCC1)CCOCCOCC[N+]2(C)CCCC2,N#C[N-]C#N,,,0.219,0.285,0.412,0.653,0.902,1.282
IL1980,"1,1'-(oxybis(ethane-2,1-diyl))bis(1-methylpyrrolidin-1-ium) dicyanamide",C[N+]1(CCCC1)CCOCC[N+]2(C)CCCC2.N#C[N-]C#N.N#C[N-]C#N,C[N+]1(CCCC1)CCOCC[N+]2(C)CCCC2,N#C[N-]C#N,,,0.042,0.065,0.166,0.376,0.614,0.798
IL1981,"1,1'-((ethane-1,2-diylbis(oxy))bis(ethane-2,1-diyl))bis(1-methylpyrrolidin-1-ium) bis((trifluoromethyl)sulfonyl) amide",C[N+]1(CCCC1)CCOCCOCC[N+]2(C)CCCC2.FC(F)(F)[S](=O)(=O)[N-][S](=O)(=O)C(F)(F)F.FC(F)(F)[S](=O)(=O)[N-][S](=O)(=O)C(F)(F)F,C[N+]1(CCCC1)CCOCCOCC[N+]2(C)CCCC2,FC(F)(F)[S](=O)(=O)[N-][S](=O)(=O)C(F)(F)F,,,0.134,0.166,0.256,0.359,0.458,0.587
IL1982,"1,1'-(oxybis(ethane-2,1-diyl))bis(1-methylpyrrolidin-1-ium) bis((trifluoromethyl)sulfonyl)amide",C[N+]1(CCCC1)CCOCC[N+]2(C)CCCC2.FC(F)(F)[S](=O)(=O)[N-][S](=O)(=O)C(F)(F)F.FC(F)(F)[S](=O)(=O)[N-][S](=O)(=O)C(F)(F)F,C[N+]1(CCCC1)CCOCC[N+]2(C)CCCC2,FC(F)(F)[S](=O)(=O)[N-][S](=O)(=O)C(F)(F)F,,,0.121,0.154,0.23,0.381,0.56,0.716
IL2015,"3,3'-(1,5-pentanediyl)bis[1-methylimidazolium] 1,1,1-trifluoro-N-[(trifluoromethyl)sulfonyl]methanesulfonamide",C[n+]1ccn(CCCCCn2cc[n+](C)c2)c1.FC(F)(F)[S](=O)(=O)[N-][S](=O)(=O)C(F)(F)F.FC(F)(F)[S](=O)(=O)[N-][S](=O)(=O)C(F)(F)F,C[n+]1ccn(CCCCCn2cc[n+](C)c2)c1,FC(F)(F)[S](=O)(=O)[N-][S](=O)(=O)C(F)(F)F,,,0.06,0.082,0.141,0.21,0.304,0.491
IL0104,tributylmethylphosphonium methyl sulfate,CCCC[P+](C)(CCCC)CCCC.CO[S]([O-])(=O)=O,CCCC[P+](C)(CCCC)CCCC,CO[S]([O-])(=O)=O,,0.00749,,0.0158,0.0278,0.0483,0.0882,0.139
IL0182,1-octylpyridinium bis((trifluoromethyl)sulfonyl)amide,CCCCCCCC[n+]1ccccc1.FC(F)(F)[S](=O)(=O)[N-][S](=O)(=O)C(F)(F)F,CCCCCCCC[n+]1ccccc1,FC(F)(F)[S](=O)(=O)[N-][S](=O)(=O)C(F)(F)F,,0.056,,0.091,0.143,0.204,0.285,0.387
IL0420,1-methylpyridinium methylsulfate,C[n+]1ccccc1.CO[S]([O-])(=O)=O,C[n+]1ccccc1,CO[S]([O-])(=O)=O,,0.287,,0.45,0.683,0.986,1.357,1.75
IL1505,1-(3-cyanopropyl)-3-methylimidazolium cyanocyanamide,C[n+]1ccn(CCCC#N)c1.N#C[N-]C#N,C[n+]1ccn(CCCC#N)c1,N#C[N-]C#N,,0.272,,0.64,1.156,1.851,2.514,3.53
IL1572,N-butyronitrile pyridinium bis(trifluoromethanesulfonyl)imide,N#CCCC[n+]1ccccc1.FC(F)(F)[S](=O)(=O)[N-][S](=O)(=O)C(F)(F)F,N#CCCC[n+]1ccccc1,FC(F)(F)[S](=O)(=O)[N-][S](=O)(=O)C(F)(F)F,,0.065,,0.145,0.251,0.425,0.565,0.784
IL1782,Tributylmethylphosphonium bis[(trifluoromethyl)sulfonyl]imide,CCCC[P+](C)(CCCC)CCCC.FC(F)(F)[S](=O)(=O)[N-][S](=O)(=O)C(F)(F)F,CCCC[P+](C)(CCCC)CCCC,FC(F)(F)[S](=O)(=O)[N-][S](=O)(=O)C(F)(F)F,,0.0367,,0.0743,0.123,0.187,0.279,0.405
IL0043,trihexyl(tetradecyl)phosphonium acetate,CCCCCCCCCCCCCC[P+](CCCCCC)(CCCCCC)CCCCCC.CC([O-])=O,CCCCCCCCCCCCCC[P+](CCCCCC)(CCCCCC)CCCCCC,CC([O-])=O,,,,0.00767,0.01292,0.0209,0.0317,0.0458
IL0224,trihexyl(tetradecyl)phosphonium octanoate,CCCCCCCCCCCCCC[P+](CCCCCC)(CCCCCC)CCCCCC.CCCCCCCC([O-])=O,CCCCCCCCCCCCCC[P+](CCCCCC)(CCCCCC)CCCCCC,CCCCCCCC([O-])=O,,,,0.00345,0.0057,0.0091,0.01369,0.01977
IL0225,trihexyl(tetradecyl)phosphonium hexanoate,CCCCCCCCCCCCCC[P+](CCCCCC)(CCCCCC)CCCCCC.CCCCCC([O-])=O,CCCCCCCCCCCCCC[P+](CCCCCC)(CCCCCC)CCCCCC,CCCCCC([O-])=O,,,,0.00454,0.00765,0.0118,0.018,0.026
IL0226,trihexyl(tetradecyl)phosphonium butyrate,CCCCCCCCCCCCCC[P+](CCCCCC)(CCCCCC)CCCCCC.CCCC([O-])=O,CCCCCCCCCCCCCC[P+](CCCCCC)(CCCCCC)CCCCCC,CCCC([O-])=O,,,,0.00631,0.01063,0.01719,0.0261,0.0377
IL0237,"1-butyl-2,3-dimethylimidazolium tetrafluoroborate",CCCCn1cc[n+](C)c1C.F[B-](F)(F)F,CCCCn1cc[n+](C)c1C,F[B-](F)(F)F,,,,0.0758,0.1449,0.254,0.415,0.639
IL0269,"1-butyl-2,3-dimethylimidazolium azide",CCCCn1cc[n+](C)c1C.[N-]=[N+]=[N-],CCCCn1cc[n+](C)c1C,[N-]=[N+]=[N-],,,,0.0488,0.1118,0.2192,0.383,0.614
IL0366,tributylmethylammonium phenyltrifluoroborate,CCCC[N+](C)(CCCC)CCCC.F[B-](F)(F)c1ccccc1,CCCC[N+](C)(CCCC)CCCC,F[B-](F)(F)c1ccccc1,,,,0.0111,0.022,0.042,0.076,0.131
IL0367,1-butyl-1-methylpiperidinium phenyltrifluoroborate,CCCC[N+]1(C)CCCCC1.F[B-](F)(F)c1ccccc1,CCCC[N+]1(C)CCCCC1,F[B-](F)(F)c1ccccc1,,,,0.0329,0.064,0.114,0.197,0.321
IL0368,1-butyl-1-methylpyrrolidinium phenyltrifluoroborate,CCCC[N+]1(C)CCCC1.F[B-](F)(F)c1ccccc1,CCCC[N+]1(C)CCCC1,F[B-](F)(F)c1ccccc1,,,,0.1445,0.251,0.36,0.531,0.739
IL0369,1-butylpyridinium phenyltrifluoroborate,CCCC[n+]1ccccc1.F[B-](F)(F)c1ccccc1,CCCC[n+]1ccccc1,F[B-](F)(F)c1ccccc1,,,,0.2155,0.325,0.487,0.698,0.917
IL0370,1-ethyl-3-methylimidazolium phenyltrifluoroborate,CCn1cc[n+](C)c1.F[B-](F)(F)c1ccccc1,CCn1cc[n+](C)c1,F[B-](F)(F)c1ccccc1,,,,0.6885,0.944,1.241,1.608,2.113
IL0371,1-butyl-3-methylimidazolium phenyltrifluoroborate,CCCCn1cc[n+](C)c1.F[B-](F)(F)c1ccccc1,CCCCn1cc[n+](C)c1,F[B-](F)(F)c1ccccc1,,,,0.2415,0.362,0.5325,0.717,0.939
IL0487,1-butyl-3-methylimidazolium glycinate,CCCCn1cc[n+](C)c1.NCC([O-])=O,CCCCn1cc[n+](C)c1,NCC([O-])=O,,,,0.0075,0.0187,0.0403,0.0786,0.14
IL0565,1-butyl-3-methylimidazolium lactate,CCCCn1cc[n+](C)c1.CC(O)C([O-])=O,CCCCn1cc[n+](C)c1,CC(O)C([O-])=O,,,,0.0371,0.0762,0.138,0.229,0.36
IL0566,1-butyl-3-methylimidazolium glycolate,CCCCn1cc[n+](C)c1.OCC([O-])=O,CCCCn1cc[n+](C)c1,OCC([O-])=O,,,,0.0586,0.1183,0.211,0.35,0.531
IL0567,3-butyl-1-methylimidazolium benzoate,CCCCn1cc[n+](C)c1.[O-]C(=O)c1ccccc1,CCCCn1cc[n+](C)c1,[O-]C(=O)c1ccccc1,,,,0.0163,0.0372,0.0736,0.131,0.213
IL0587,trihexyl(isobutyl)phosphonium bromide,CCCCCC[P+](CCCCCC)(CCCCCC)CC(C)C.[Br-],CCCCCC[P+](CCCCCC)(CCCCCC)CC(C)C,[Br-],,,,0.00069,0.0012,0.0026,0.0049,0.0071
IL0659,1-butylpyrrolidinium bis(trifluoromethylsulfonyl)amide,CCCC[NH+]1CCCC1.FC(F)(F)[S](=O)(=O)[N-][S](=O)(=O)C(F)(F)F,CCCC[NH+]1CCCC1,FC(F)(F)[S](=O)(=O)[N-][S](=O)(=O)C(F)(F)F,,,,0.367,0.53,0.732,0.965,1.229
IL1578,3-butyl-1-methyl-1H-imidazolium formate,CCCCn1cc[n+](C)c1.[O-]C=O,CCCCn1cc[n+](C)c1,[O-]C=O,,,,0.1909,0.3193,0.4983,0.7383,1.04
IL1579,3-butyl-1-methyl-1H-imidazolium propanoate,CCCCn1cc[n+](C)c1.CCC([O-])=O,CCCCn1cc[n+](C)c1,CCC([O-])=O,,,,0.07028,0.1201,0.1984,0.3057,0.4471
IL1580,3-butyl-1-methyl-1H-imidazolium butanoate,CCCCn1cc[n+](C)c1.CCCC([O-])=O,CCCCn1cc[n+](C)c1,CCCC([O-])=O,,,,0.04102,0.07522,0.1291,0.2084,0.3146
IL1632,1-butyl-3-methyl-1H-imidazol-3-ium trifluoro(3-(trifluoromethyl)phenyl)borate,CCCCn1cc[n+](C)c1.F[B-](F)(F)c1cccc(c1)C(F)(F)F,CCCCn1cc[n+](C)c1,F[B-](F)(F)c1cccc(c1)C(F)(F)F,,,,0.189,0.291,0.43,0.686,0.943
IL1634,1-butyl-3-methyl-1H-imidazol-3-ium trifluoro(4-fluorophenyl)borate,CCCCn1cc[n+](C)c1.Fc1ccc(cc1)[B-](F)(F)F,CCCCn1cc[n+](C)c1,Fc1ccc(cc1)[B-](F)(F)F,,,,0.189,0.291,0.43,0.686,0.943
IL1636,1-butyl-3-methyl-1H-imidazol-3-ium trifluoro(2-fluorophenyl)borate,CCCCn1cc[n+](C)c1.Fc1ccccc1[B-](F)(F)F,CCCCn1cc[n+](C)c1,Fc1ccccc1[B-](F)(F)F,,,,0.189,0.291,0.43,0.686,0.943
IL1637,1-butyl-3-methyl-1H-imidazol-3-ium trifluoro(4-methoxyphenyl)borate,CCCCn1cc[n+](C)c1.COc1ccc(cc1)[B-](F)(F)F,CCCCn1cc[n+](C)c1,COc1ccc(cc1)[B-](F)(F)F,,,,0.072,0.135,0.228,0.364,0.538
IL1639,1-butyl-3-methylimidazolium trifluoro(2-methoxyphenyl)borate,CCCCn1cc[n+](C)c1.COc1ccccc1[B-](F)(F)F,CCCCn1cc[n+](C)c1,COc1ccccc1[B-](F)(F)F,,,,0.022,0.051,0.102,0.185,0.313
IL1908,pyrrolidinium bis(trifluoromethanesulfonyl)imide,C1CC[NH2+]C1.FC(F)(F)[S](=O)(=O)[N-][S](=O)(=O)C(F)(F)F,C1CC[NH2+]C1,FC(F)(F)[S](=O)(=O)[N-][S](=O)(=O)C(F)(F)F,,,,0.366,0.539,0.749,1.001,1.287
IL1909,piperidinium bis(trifluoromethanesulfonyl)imide,C1CC[NH2+]CC1.FC(F)(F)[S](=O)(=O)[N-][S](=O)(=O)C(F)(F)F,C1CC[NH2+]CC1,FC(F)(F)[S](=O)(=O)[N-][S](=O)(=O)C(F)(F)F,,,,0.123,0.207,0.321,0.468,0.649
IL0141,3-dodecyl-1H-imidazol-3-ium bis((trifluoromethyl)sulfonyl)amide,CCCCCCCCCCCC[n+]1c[nH]cc1.FC(F)(F)[S](=O)(=O)[N-][S](=O)(=O)C(F)(F)F,CCCCCCCCCCCC[n+]1c[nH]cc1,FC(F)(F)[S](=O)(=O)[N-][S](=O)(=O)C(F)(F)F,,,0.0197,,0.0515,0.0767,0.118,0.164
IL0460,4-ethyl-4-morpholinium tetrafluoroborate,CC[NH+]1CCOCC1.F[B-](F)(F)F,CC[NH+]1CCOCC1,F[B-](F)(F)F,,,,,0.000507,0.00081,0.001135,0.001578
IL0663,"N,N-dimethylacetamidium bis(trifluoromethanesulfonyl)amide",C[NH+](C)C(C)=O.FC(F)(F)[S](=O)(=O)[N-][S](=O)(=O)C(F)(F)F,C[NH+](C)C(C)=O,FC(F)(F)[S](=O)(=O)[N-][S](=O)(=O)C(F)(F)F,,,,,0.403,0.574,0.782,1.024
IL1525,N-methylpyrrolidone tetrafluoroborate,C[NH+]1CCCC1=O.F[B-](F)(F)F,C[NH+]1CCCC1=O,F[B-](F)(F)F,,,,,0.00032,0.000509,0.000732,0.001012
IL1650,tetraethylammonium difluoromono(oxalato)borate,CC[N+](CC)(CC)CC.F[B-]1(F)OC(=O)C(=O)O1,CC[N+](CC)(CC)CC,F[B-]1(F)OC(=O)C(=O)O1,,,,,0.3212,0.4746,0.6652,0.8889
IL1955,N-octylethylenediammonium trifluoroacetate,CCCCCCCC[NH2+]CC[NH3+].[O-]C(=O)C(F)(F)F.[O-]C(=O)C(F)(F)F,CCCCCCCC[NH2+]CC[NH3+],[O-]C(=O)C(F)(F)F,,,,,0.0475,0.0778,0.113,0.156
IL0354,"4-methyl-1-propyl-1,2,4-triazolium trifluoromethanesulfonate",CCCn1c[n+](C)cn1.[O-][S](=O)(=O)C(F)(F)F,CCCn1c[n+](C)cn1,[O-][S](=O)(=O)C(F)(F)F,,,0.2076,0.267,,0.613,0.851,1.1446
IL0356,"4-methyl-1-propyl-1,2,4-triazolium nitrate",CCCn1c[n+](C)cn1.[O-][N+]([O-])=O,CCCn1c[n+](C)cn1,[O-][N+]([O-])=O,,,0.1798,0.2233,,0.472,0.638,0.842
IL0052,1-ethyl-3-methylimidazolium hexafluorophosphate,CCn1cc[n+](C)c1.F[P-](F)(F)(F)(F)F,CCn1cc[n+](C)c1,F[P-](F)(F)(F)(F)F,,,,0.583,,1.11,1.71,1.95
IL0120,1-hexadecyl-3-methylimidazolium tetrafluoroborate,CCCCCCCCCCCCCCCCn1cc[n+](C)c1.F[B-](F)(F)F,CCCCCCCCCCCCCCCCn1cc[n+](C)c1,F[B-](F)(F)F,0.000088,0.000191,0.000677,0.00184,0.032,,0.0813,0.119
IL0459,1-methylpiperidinium tetrafluoroborate,C[NH+]1CCCCC1.F[B-](F)(F)F,C[NH+]1CCCCC1,F[B-](F)(F)F,,,,,0.001067,,0.001917,0.00259
IL0127,1-ethyl-3-methylimidazolium iodide,CCn1cc[n+](C)c1.[I-],CCn1cc[n+](C)c1,[I-],,,,,,,0.633,0.871
IL1967,N-hexylethylenediammonium trifluoromethanesulfonate,CCCCCC[NH2+]CC[NH3+].[O-][S](=O)(=O)C(F)(F)F.[O-][S](=O)(=O)C(F)(F)F,CCCCCC[NH2+]CC[NH3+],[O-][S](=O)(=O)C(F)(F)F,,,,,,,0.168,0.237
IL1968,N-octylethylenediammonium trifluoromethanesulfonate,CCCCCCCC[NH2+]CC[NH3+].[O-][S](=O)(=O)C(F)(F)F.[O-][S](=O)(=O)C(F)(F)F,CCCCCCCC[NH2+]CC[NH3+],[O-][S](=O)(=O)C(F)(F)F,,,,,,,0.105,0.155
IL1337,N-butyronitrilepyridinium dicyanamide,N#CCCC[n+]1ccccc1.N#C[N-]C#N,N#CCCC[n+]1ccccc1,N#C[N-]C#N,,0.391,0.507,0.971,1.572,2.436,,4.117
IL0489,1-allyl-3-(2-methoxyethyl)-1H-imidazol-3-ium bis((trifluoromethyl)sulfonyl)amide,COCC[n+]1ccn(CC=C)c1.FC(F)(F)[S](=O)(=O)[N-][S](=O)(=O)C(F)(F)F,COCC[n+]1ccn(CC=C)c1,FC(F)(F)[S](=O)(=O)[N-][S](=O)(=O)C(F)(F)F,,,,,0.627,0.828,,1.332
IL0610,diethylmethylammonium trifluoromethanesulfonate,CC[NH+](C)CC.[O-][S](=O)(=O)C(F)(F)F,CC[NH+](C)CC,[O-][S](=O)(=O)C(F)(F)F,,,0.769,0.833,,1.45,,2.15
IL0372,1-butyl-3-methyl-1H-imidazol-3-ium (3-cyanophenyl)trifluoroborate,CCCCn1cc[n+](C)c1.F[B-](F)(F)c1cccc(c1)C#N,CCCCn1cc[n+](C)c1,F[B-](F)(F)c1cccc(c1)C#N,,,,0.083,,0.27,,0.661
IL0608,N-allyl-N-methylprop-2-en-1-aminium trifluoromethanesulfonate,C[NH+](CC=C)CC=C.[O-][S](=O)(=O)C(F)(F)F,C[NH+](CC=C)CC=C,[O-][S](=O)(=O)C(F)(F)F,,,,0.469,,0.893,,1.43
IL0609,"N,N-dimethylprop-2-en-1-aminium trifluoromethanesulfonate",C[NH+](C)CC=C.[O-][S](=O)(=O)C(F)(F)F,C[NH+](C)CC=C,[O-][S](=O)(=O)C(F)(F)F,,,,0.968,,1.74,,2.65
IL0611,"N,N-diethylpropan-1-aminium trifluoromethanesulfonate",CCC[NH+](CC)CC.[O-][S](=O)(=O)C(F)(F)F,CCC[NH+](CC)CC,[O-][S](=O)(=O)C(F)(F)F,,,,0.384,,0.71,,1.13
IL0612,"N,N-diethylprop-2-en-1-aminium trifluoromethanesulfonate",CC[NH+](CC)CC=C.[O-][S](=O)(=O)C(F)(F)F,CC[NH+](CC)CC=C,[O-][S](=O)(=O)C(F)(F)F,,,,0.419,,0.785,,1.26
IL0613,"N,N-dimethylpropan-1-aminium trifluoromethanesulfonate",CCC[NH+](C)C.[O-][S](=O)(=O)C(F)(F)F,CCC[NH+](C)C,[O-][S](=O)(=O)C(F)(F)F,,,,0.901,,1.57,,2.39
IL0614,N-methyl-N-propylpropan-1-aminium trifluoromethanesulfonate,CCC[NH+](C)CCC.[O-][S](=O)(=O)C(F)(F)F,CCC[NH+](C)CCC,[O-][S](=O)(=O)C(F)(F)F,,,,0.415,,0.772,,1.23
IL1907,2-methylpyridinium bis(trifluoromethanesulfonyl)imide,Cc1cccc[nH+]1.FC(F)(F)[S](=O)(=O)[N-][S](=O)(=O)C(F)(F)F,Cc1cccc[nH+]1,FC(F)(F)[S](=O)(=O)[N-][S](=O)(=O)C(F)(F)F,,,0.337,,,0.855,,1.49
IL0126,1-methyl-2-oxopyrrolidin-1-ium sulfurochloridate,C[NH+]1CCCC1=O.[O-][S](Cl)(=O)=O,C[NH+]1CCCC1=O,[O-][S](Cl)(=O)=O,,,,0.06065,0.0856,,,0.1276
IL0138,3-hexyl-1H-imidazol-3-ium bis((trifluoromethyl)sulfonyl)amide,CCCCCC[n+]1c[nH]cc1.FC(F)(F)[S](=O)(=O)[N-][S](=O)(=O)C(F)(F)F,CCCCCC[n+]1c[nH]cc1,FC(F)(F)[S](=O)(=O)[N-][S](=O)(=O)C(F)(F)F,,,0.06,,0.136,,,0.346
IL0079,1-ethyl-3-methylimidazolium bromide,CCn1cc[n+](C)c1.[Br-],CCn1cc[n+](C)c1,[Br-],,,1.246,,,,,1.36
IL0451,triethylammonium dihydrogen phosphate,CC[NH+](CC)CC.O[P](O)([O-])=O,CC[NH+](CC)CC,O[P](O)([O-])=O,,,0.0012,,,,,0.0414
IL0034,1-butyl-4-methylpyridinium tetrafluoroborate,CCCC[n+]1ccc(C)cc1.F[B-](F)(F)F,CCCC[n+]1ccc(C)cc1,F[B-](F)(F)F,0.0911,0.1318,0.1854,0.254,0.439,0.687,1.021,
IL0035,1-butyl-3-methylpyridinium tetrafluoroborate,CCCC[n+]1cccc(C)c1.F[B-](F)(F)F,CCCC[n+]1cccc(C)c1,F[B-](F)(F)F,0.1106,0.1549,0.21,0.281,0.461,0.704,1.014,
IL0038,N-octyl-3-methylpyridinium tetrafluoroborate,CCCCCCCC[n+]1cccc(C)c1.F[B-](F)(F)F,CCCCCCCC[n+]1cccc(C)c1,F[B-](F)(F)F,0.0178,0.0266,0.0377,0.0532,0.0974,0.1632,0.263,
IL0045,1-ethyl-2-methylpyridinium bis((trifluoromethyl)sulfonyl)amide,CC[n+]1ccccc1C.FC(F)(F)[S](=O)(=O)[N-][S](=O)(=O)C(F)(F)F,CC[n+]1ccccc1C,FC(F)(F)[S](=O)(=O)[N-][S](=O)(=O)C(F)(F)F,0.1989,0.258,0.326,0.403,0.589,0.815,1.085,
IL0046,2-methyl-1-propylpyridinium bis((trifluoromethyl)sulfonyl)amide,CCC[n+]1ccccc1C.FC(F)(F)[S](=O)(=O)[N-][S](=O)(=O)C(F)(F)F,CCC[n+]1ccccc1C,FC(F)(F)[S](=O)(=O)[N-][S](=O)(=O)C(F)(F)F,0.1637,0.216,0.28,0.353,0.524,0.742,1,
IL0047,1-butyl-3-methylpyridinium dicyanamide,CCCC[n+]1cccc(C)c1.N#C[N-]C#N,CCCC[n+]1cccc(C)c1,N#C[N-]C#N,0.526,0.672,0.838,1.027,1.466,1.989,2.58,
IL0055,1-butyl-2-methylpyridinium tetrafluoroborate,CCCC[n+]1ccccc1C.F[B-](F)(F)F,CCCC[n+]1ccccc1C,F[B-](F)(F)F,0.0464,0.0703,0.1012,0.142,0.254,0.419,0.64,
IL0107,1-butyl-4-methylpyridinium bis((trifluoromethyl)sulfonyl)amide,CCCC[n+]1ccc(C)cc1.FC(F)(F)[S](=O)(=O)[N-][S](=O)(=O)C(F)(F)F,CCCC[n+]1ccc(C)cc1,FC(F)(F)[S](=O)(=O)[N-][S](=O)(=O)C(F)(F)F,0.215,0.273,0.335333333,0.419,0.6,0.817,1.075,
IL0108,1-ethyl-4-methylpyridinium bis((trifluoromethyl)sulfonyl)amide,CC[n+]1ccc(C)cc1.FC(F)(F)[S](=O)(=O)[N-][S](=O)(=O)C(F)(F)F,CC[n+]1ccc(C)cc1,FC(F)(F)[S](=O)(=O)[N-][S](=O)(=O)C(F)(F)F,0.525,0.638,0.767666667,0.901,1.208,1.554,1.955,
IL0109,1-propylpyridinium tetrafluoroborate,CCC[n+]1ccccc1.F[B-](F)(F)F,CCC[n+]1ccccc1,F[B-](F)(F)F,0.215,0.302,0.401,0.516,0.799,1.154,1.604,
IL0378,1-pentylpyridinium bis(trifluoromethylsulfonyl)amide,CCCCC[n+]1ccccc1.FC(F)(F)[S](=O)(=O)[N-][S](=O)(=O)C(F)(F)F,CCCCC[n+]1ccccc1,FC(F)(F)[S](=O)(=O)[N-][S](=O)(=O)C(F)(F)F,0.137,0.177,0.219,0.275,0.403,0.563,0.742,
IL1314,bis(1-butyl-3-methylimidazolium) tetrathiocyanatocobaltate,CCCC[n+]1ccn(c1)n2cc[n+](CCCC)c2.S=C=N[Co--](N=C=S)(N=C=S)N=C=S,CCCC[n+]1ccn(c1)n2cc[n+](CCCC)c2,S=C=N[Co--](N=C=S)(N=C=S)N=C=S,0.066,0.096,0.134,0.185,0.325,0.51,0.755,
IL1671,3-(2-(butylamino)-2-oxoethyl)-1-ethyl-1H-imidazolium bis((trifluoromethyl)sulfonyl)amide,CCCCNC(=O)Cn1cc[n+](CC)c1.FC(F)(F)[S](=O)(=O)[N-][S](=O)(=O)C(F)(F)F,CCCCNC(=O)Cn1cc[n+](CC)c1,FC(F)(F)[S](=O)(=O)[N-][S](=O)(=O)C(F)(F)F,0.00985,0.01527,0.0233,0.0332,0.0639,0.1106,0.1774,
IL0060,1-(2-methoxyethyl)-3-ethylimidazolium perrhenate,CCn1cc[n+](CCOC)c1.[O-][Re](=O)(=O)=O,CCn1cc[n+](CCOC)c1,[O-][Re](=O)(=O)=O,,0.113,0.142,0.175,0.243,0.324,0.407,
IL0123,1-methyl-3-octylimidazolium bromide,CCCCCCCC[n+]1ccn(C)c1.[Br-],CCCCCCCC[n+]1ccn(C)c1,[Br-],,6.68,5.29565,16.2,35.2,68.5,116.4,
IL0140,3-butyl-1H-imidazol-3-ium bis((trifluoromethyl)sulfonyl)amide,CCCC[n+]1c[nH]cc1.FC(F)(F)[S](=O)(=O)[N-][S](=O)(=O)C(F)(F)F,CCCC[n+]1c[nH]cc1,FC(F)(F)[S](=O)(=O)[N-][S](=O)(=O)C(F)(F)F,,0.0732,0.0806,0.115,0.181,0.247,0.337,
IL0142,3-octyl-1H-imidazol-3-ium bis((trifluoromethyl)sulfonyl)amide,CCCCCCCC[n+]1c[nH]cc1.FC(F)(F)[S](=O)(=O)[N-][S](=O)(=O)C(F)(F)F,CCCCCCCC[n+]1c[nH]cc1,FC(F)(F)[S](=O)(=O)[N-][S](=O)(=O)C(F)(F)F,,0.0386,0.038,0.0649,0.0984,0.121,0.218,
IL0310,"1,3-dimethylimidazolium acetate",Cn1cc[n+](C)c1.CC([O-])=O,Cn1cc[n+](C)c1,CC([O-])=O,,0.275,0.286,0.293,0.317,0.34,0.356,
IL0409,propylammonium formate,CCC[NH3+].[O-]C=O,CCC[NH3+],[O-]C=O,,0.31,0.36,0.44,0.59,0.78,1,
IL0410,propylammonium acetate,CCC[NH3+].CC([O-])=O,CCC[NH3+],CC([O-])=O,,0.04,0.0515,0.08,0.14,0.22,0.33,
IL0476,1-(2-ethoxyethyl)-3-ethylimidazolium perrhenate,CCOCC[n+]1ccn(CC)c1.[O-][Re](=O)(=O)=O,CCOCC[n+]1ccn(CC)c1,[O-][Re](=O)(=O)=O,,0.106,0.134,0.165,0.229,0.305,0.379,
IL0563,butylammonium acetate,CCCC[NH3+].CC([O-])=O,CCCC[NH3+],CC([O-])=O,,0.051,0.043,0.082,0.128,0.197,0.299,
IL0564,butylammonium formate,CCCC[NH3+].[O-]C=O,CCCC[NH3+],[O-]C=O,,0.287,0.321,0.384,0.511,0.67,0.873,
IL0598,1-butyl-3-methylimidazolium salicylate,CCCCn1cc[n+](C)c1.Oc1ccccc1C([O-])=O,CCCCn1cc[n+](C)c1,Oc1ccccc1C([O-])=O,,0.0182,0.03355,0.05035,0.09875,0.1844,0.21,
IL1575,1-dodecyl-3-methyl-1H-imidazolium bis(trifluoromethylsulfonyl)amide,CCCCCCCCCCCCn1cc[n+](C)c1.FC(F)(F)[S](=O)(=O)[N-][S](=O)(=O)C(F)(F)F,CCCCCCCCCCCCn1cc[n+](C)c1,FC(F)(F)[S](=O)(=O)[N-][S](=O)(=O)C(F)(F)F,,0.0508,0.0595,0.069,0.0905,0.1156,0.1433,
IL1576,3-hexyl-1-methyl-1H-imidazolium bromide,CCCCCCn1cc[n+](C)c1.[Br-],CCCCCCn1cc[n+](C)c1,[Br-],,7.45,6.05425,18.88,41.8,83.1,144.6,
IL1600,1-methylimidazolium acetate,Cn1cc[nH+]c1.CC([O-])=O,Cn1cc[nH+]c1,CC([O-])=O,,0.326,0.383966667,0.342,0.36,0.376,0.393,
IL0561,1-methyl-3-propylimidazolium L-serinate,CCC[n+]1ccn(C)c1.N[C@@H](CO)C([O-])=O,CCC[n+]1ccn(C)c1,N[C@@H](CO)C([O-])=O,,,0.0137,0.0234,0.0571,0.116,0.214,
IL0562,1-butyl-3-methylimidazolium L-serinate,CCCCn1cc[n+](C)c1.N[C@@H](CO)C([O-])=O,CCCCn1cc[n+](C)c1,N[C@@H](CO)C([O-])=O,,,0.00395,0.0067,0.0152,0.0329,0.065,
IL0572,1-pentylpyridinium dicyanamide,CCCCC[n+]1ccccc1.N#C[N-]C#N,CCCCC[n+]1ccccc1,N#C[N-]C#N,,,0.595,0.692,0.992,1.391,1.836,
IL0573,1-hexylpyridinium dicyanamide,CCCCCC[n+]1ccccc1.N#C[N-]C#N,CCCCCC[n+]1ccccc1,N#C[N-]C#N,,,0.46,0.572,0.814,1.145,1.514,
IL0574,1-ethylpyridinium dicyanamide,CC[n+]1ccccc1.N#C[N-]C#N,CC[n+]1ccccc1,N#C[N-]C#N,,,1.718,1.959,2.641,3.436,4.353,
IL0575,1-propylpyridinium dicyanamide,CCC[n+]1ccccc1.N#C[N-]C#N,CCC[n+]1ccccc1,N#C[N-]C#N,,,1.308,1.508,2.073,2.809,3.637,
IL0582,3-(2-amino-2-oxoethyl)-1-vinylimidazolium bis(trifluoromethylsulfonyl)amide,NC(=O)Cn1cc[n+](C=C)c1.FC(F)(F)[S](=O)(=O)[N-][S](=O)(=O)C(F)(F)F,NC(=O)Cn1cc[n+](C=C)c1,FC(F)(F)[S](=O)(=O)[N-][S](=O)(=O)C(F)(F)F,,,0.01,0.02,0.05,0.1,0.2,
IL1592,1-ethyl-3-methyl-1H-imidazolium tricyanomethanide,CCn1cc[n+](C)c1.N#C[C-](C#N)C#N,CCn1cc[n+](C)c1,N#C[C-](C#N)C#N,,,0.76,0.93,1.25,1.73,2.12,
IL1672,3-ethyl-1-methyl-1H-imidazolium L-serinate,CCn1cc[n+](C)c1.N[C@@H](CO)C([O-])=O,CCn1cc[n+](C)c1,N[C@@H](CO)C([O-])=O,,,0.065,0.0878,0.158,0.258,0.412,
IL1779,"1-hexyl-2,3-dimethylimidazolium bis[(trifluoromethyl)sulfonyl]imide",CCCCCC[n+]1ccn(C)c1C.FC(F)(F)[S](=O)(=O)[N-][S](=O)(=O)C(F)(F)F,CCCCCC[n+]1ccn(C)c1C,FC(F)(F)[S](=O)(=O)[N-][S](=O)(=O)C(F)(F)F,,,0.108,0.1577,0.271,0.369,0.48,
IL0067,1-butylpyridinium trifluoromethanesulfonate,CCCC[n+]1ccccc1.[O-][S](=O)(=O)C(F)(F)F,CCCC[n+]1ccccc1,[O-][S](=O)(=O)C(F)(F)F,,,,0.266,0.411,0.601,0.839,
IL1635,1-butyl-3-methyl-1H-imidazol-3-ium trifluoro(3-fluorophenyl)borate,CCCCn1cc[n+](C)c1.Fc1cccc(c1)[B-](F)(F)F,CCCCn1cc[n+](C)c1,Fc1cccc(c1)[B-](F)(F)F,,,,0.27,0.415,0.603,0.844,
IL0150,N-methyl-N-propylpyrrolidinium lactate,CCC[N+]1(C)CCCC1.CC(O)C([O-])=O,CCC[N+]1(C)CCCC1,CC(O)C([O-])=O,0.09,0.14,0.196,,0.42,0.62,0.87,
IL0194,pyrrolidinium nitrate,C1CC[NH2+]C1.[O-][N+]([O-])=O,C1CC[NH2+]C1,[O-][N+]([O-])=O,,3.71,4.615,,5.97,7.17,8.51,
IL0466,1-propylpyridinium bis((trifluoromethyl)sulfonyl)amide,CCC[n+]1ccccc1.FC(F)(F)[S](=O)(=O)[N-][S](=O)(=O)C(F)(F)F,CCC[n+]1ccccc1,FC(F)(F)[S](=O)(=O)[N-][S](=O)(=O)C(F)(F)F,,,,,0.62,0.826,1.051,
IL0151,N-methyl-N-propylpyrrolidinium acetate,CCC[N+]1(C)CCCC1.CC([O-])=O,CCC[N+]1(C)CCCC1,CC([O-])=O,0.35,0.46,0.6225,0.8,,1.75,2.38,
IL0591,2-methylpyridinium trifluoroacetate,Cc1cccc[nH+]1.[O-]C(=O)C(F)(F)F,Cc1cccc[nH+]1,[O-]C(=O)C(F)(F)F,,,0.292,0.346,,0.74,0.94,
IL0373,1-butyl-3-methyl-1H-imidazol-3-ium (4-cyanophenyl)trifluoroborate,CCCCn1cc[n+](C)c1.F[B-](F)(F)c1ccc(cc1)C#N,CCCCn1cc[n+](C)c1,F[B-](F)(F)c1ccc(cc1)C#N,,,,0.138,,0.325,0.472,
IL1638,1-butyl-3-methyl-1H-imidazol-3-ium trifluoro(3-methoxyphenyl)borate,CCCCn1cc[n+](C)c1.COc1cccc(c1)[B-](F)(F)F,CCCCn1cc[n+](C)c1,COc1cccc(c1)[B-](F)(F)F,,,,0.138,,0.325,0.472,
IL0137,1-ethyl-3-methylimidazolium chloride,CCn1cc[n+](C)c1.[Cl-],CCn1cc[n+](C)c1,[Cl-],0.0025,,,,,0.487,0.802,
IL0461,1-methylpyrrolidinium tetrafluoroborate,C[NH+]1CCCC1.F[B-](F)(F)F,C[NH+]1CCCC1,F[B-](F)(F)F,,,,,,0.00475,0.00569,
IL0268,1-methyl-1-propylpyrrolidinium dicyanamide,CCC[N+]1(C)CCCC1.N#C[N-]C#N,CCC[N+]1(C)CCCC1,N#C[N-]C#N,,1.57,,,2.67,,4.44,
IL1769,trihexyl(tetradecyl)phosphonium bis[(trifluoromethyl)sulfonyl]imide,CCCCCCCCCCCCCC[P+](CCCCCC)(CCCCCC)CCCCCC.FC(F)(F)[S](=O)(=O)[N-][S](=O)(=O)C(F)(F)F,CCCCCCCCCCCCCC[P+](CCCCCC)(CCCCCC)CCCCCC,FC(F)(F)[S](=O)(=O)[N-][S](=O)(=O)C(F)(F)F,,0.00719,,,0.0216,,0.0473,
IL1490,1-butyl-3-methylimidazolium tricyanomethane,CCCCn1cc[n+](C)c1.N#C[C-](C#N)C#N,CCCCn1cc[n+](C)c1,N#C[C-](C#N)C#N,,1.027,,,,,2.57,
IL0050,1-butyl-1-methylpyrrolidinium dicyanamide,CCCC[N+]1(C)CCCC1.N#C[N-]C#N,CCCC[N+]1(C)CCCC1,N#C[N-]C#N,0.844333333,1.123047619,1.30073913,1.526809524,1.99647619,2.528380952,,
IL0078,ethylammonium nitrate,CC[NH3+].[O-][N+]([O-])=O,CC[NH3+],[O-][N+]([O-])=O,1.62,1.93,2.364,2.6,3.5143,4.312,,
IL0080,"N-ethyl-N-methyl-N,N-bis(2- hydroxyethyl)ammonium bis(trifluoromethanesulfonyl)amide",CC[N+](C)(CCO)CCO.FC(F)(F)[S](=O)(=O)[N-][S](=O)(=O)C(F)(F)F,CC[N+](C)(CCO)CCO,FC(F)(F)[S](=O)(=O)[N-][S](=O)(=O)C(F)(F)F,0.04,0.056,0.076,0.101,0.165,0.253,,
IL0081,"N-butyl-N,N-dimethyl-N-ethylammonium bis(trifluoromethanesulfonyl)amide",CCCC[N+](C)(C)CC.FC(F)(F)[S](=O)(=O)[N-][S](=O)(=O)C(F)(F)F,CCCC[N+](C)(C)CC,FC(F)(F)[S](=O)(=O)[N-][S](=O)(=O)C(F)(F)F,0.11,0.143,0.182,0.214,0.337,0.473,,
IL0082,"N-ethyl-N,N,N-tris(2-hydroxyethyl)ammonium bis(trifluoromethanesulfonyl)amide",CC[N+](CCO)(CCO)CCO.FC(F)(F)[S](=O)(=O)[N-][S](=O)(=O)C(F)(F)F,CC[N+](CCO)(CCO)CCO,FC(F)(F)[S](=O)(=O)[N-][S](=O)(=O)C(F)(F)F,0.011,0.018,0.026,0.037,0.07,0.118,,
IL0083,"N-3-hydroxypropyl-N,N-dimethyl-N-ethylammonium bis(trifluoromethanesulfonyl)amide",CC[N+](C)(C)CCCO.FC(F)(F)[S](=O)(=O)[N-][S](=O)(=O)C(F)(F)F,CC[N+](C)(C)CCCO,FC(F)(F)[S](=O)(=O)[N-][S](=O)(=O)C(F)(F)F,0.069,0.095,0.125,0.162,0.253,0.371,,
IL0085,"N-butyl-N,N,N-tris(2-hydroxyethyl)ammonium bis(trifluoromethanesulfonyl)amide",CCCC[N+](CCO)(CCO)CCO.FC(F)(F)[S](=O)(=O)[N-][S](=O)(=O)C(F)(F)F,CCCC[N+](CCO)(CCO)CCO,FC(F)(F)[S](=O)(=O)[N-][S](=O)(=O)C(F)(F)F,0.007,0.011,0.016,0.024,0.046,0.082,,
IL0086,"N-methyl-N,N,N-tris(2-hydroxyethyl)ammonium bis(trifluoromethanesulfonyl)amide",C[N+](CCO)(CCO)CCO.FC(F)(F)[S](=O)(=O)[N-][S](=O)(=O)C(F)(F)F,C[N+](CCO)(CCO)CCO,FC(F)(F)[S](=O)(=O)[N-][S](=O)(=O)C(F)(F)F,0.017,0.025,0.036,0.05,0.09,0.149,,
IL0235,1-(2-hydroxyethyl)-3-methylimidazolium nonafluoro-1-butanesulfonate,Cn1cc[n+](CCO)c1.[O-][S](=O)(=O)C(F)(F)C(F)(F)C(F)(F)C(F)(F)F,Cn1cc[n+](CCO)c1,[O-][S](=O)(=O)C(F)(F)C(F)(F)C(F)(F)C(F)(F)F,0.0192,0.0278,0.03575,0.054,0.093,0.151,,
IL0615,"1,2-dimethyl-3-propylimidazolium thiocyanate",CCCn1cc[n+](C)c1C.[S-]C#N,CCCn1cc[n+](C)c1C,[S-]C#N,0.255,0.361,0.459,0.583,0.905,1.33,,
IL0616,"1-butyl-2,3-dimethylimidazolium thiocyanate",CCCCn1cc[n+](C)c1C.[S-]C#N,CCCCn1cc[n+](C)c1C,[S-]C#N,0.106,0.153,0.217,0.293,0.496,0.774,,
IL0617,3-(3-cyanopropyl)-1-methylimidazolium bis(fluorosulfonyl)amide,C[n+]1ccn(CCCC#N)c1.F[S](=O)(=O)[N-][S](F)(=O)=O,C[n+]1ccn(CCCC#N)c1,F[S](=O)(=O)[N-][S](F)(=O)=O,0.106,0.134,0.182,0.234,0.377,0.584,,
IL0618,3-(3-cyanopropyl)-1-methylimidazolium trifluoromethanesulfonate,C[n+]1ccn(CCCC#N)c1.[O-][S](=O)(=O)C(F)(F)F,C[n+]1ccn(CCCC#N)c1,[O-][S](=O)(=O)C(F)(F)F,0.023,0.033,0.046,0.06,0.104,0.161,,
IL1608,1-(2-hydroxyethyl)-3-methylimidazolium perfluoropentanoate,Cn1cc[n+](CCO)c1.[O-]C(=O)C(F)(F)C(F)(F)C(F)(F)C(F)(F)F,Cn1cc[n+](CCO)c1,[O-]C(=O)C(F)(F)C(F)(F)C(F)(F)C(F)(F)F,0.0145,0.0217,0.0315,0.0455,0.086,0.148,,
IL0066,"2-hydroxy-N,N,N-trimethylethanaminium (S)-2-hydroxypropanoate",C[N+](C)(C)CCO.C[C@H](O)C([O-])=O,C[N+](C)(C)CCO,C[C@H](O)C([O-])=O,,0.01375,0.0219,0.0327,0.0647,0.1094,,
IL0334,1-ethyl-1-methylpiperidin-1-ium ethyl phosphonate,CC[N+]1(C)CCCCC1.CCO[PH]([O-])=O,CC[N+]1(C)CCCCC1,CCO[PH]([O-])=O,,0.068,0.078,0.09,0.118,0.155,,
IL0335,1-butyl-1-methylpyrrolidin-1-ium butyl phosphonate,CCCC[N+]1(C)CCCC1.CCCCO[PH]([O-])=O,CCCC[N+]1(C)CCCC1,CCCCO[PH]([O-])=O,,0.022,0.027,0.034,0.05,0.075,,
IL0336,1-butyl-1-methylpiperidin-1-ium butyl phosphonate,CCCC[N+]1(C)CCCCC1.CCCCO[PH]([O-])=O,CCCC[N+]1(C)CCCCC1,CCCCO[PH]([O-])=O,,0.026,0.031,0.037,0.053,0.075,,
IL0337,1-methyl-1-octylpiperidin-1-ium octyl phosphonate,CCCCCCCC[N+]1(C)CCCCC1.CCCCCCCCO[PH]([O-])=O,CCCCCCCC[N+]1(C)CCCCC1,CCCCCCCCO[PH]([O-])=O,,0.03,0.033,0.036,0.042,0.05,,
IL0620,1-butyl-3-ethylimidazolium bromide,CCCCn1cc[n+](CC)c1.[Br-],CCCCn1cc[n+](CC)c1,[Br-],,0.0372,0.0502,0.0696,0.1459,0.2635,,
IL1372,1-butyl-3-methylimidazolium taurate,CCCCn1cc[n+](C)c1.NCC[S]([O-])(=O)=O,CCCCn1cc[n+](C)c1,NCC[S]([O-])(=O)=O,,0.0098,0.0161,0.0257,0.0518,0.0922,,
IL1509,1-ethyl-3-methylpyridinium perfluoropentanoate,CC[n+]1cccc(C)c1.[O-]C(=O)C(F)(F)C(F)(F)C(F)(F)C(F)(F)F,CC[n+]1cccc(C)c1,[O-]C(=O)C(F)(F)C(F)(F)C(F)(F)C(F)(F)F,,0.0915,0.12,0.155,0.239,0.355,,
IL1582,"1-butyl-2,3-dimethyl-1H-imidazolium bis(trifluoromethylsulfonyl)amide",CCCCn1cc[n+](C)c1C.FC(F)(F)[S](=O)(=O)[N-][S](=O)(=O)C(F)(F)F,CCCCn1cc[n+](C)c1C,FC(F)(F)[S](=O)(=O)[N-][S](=O)(=O)C(F)(F)F,,0.178,0.226,0.289,0.426,0.599,,
IL1780,"1,2-dimethyl-3-propylimidazolium bis[(trifluoromethyl)sulfonyl]imide",CCCn1cc[n+](C)c1C.FC(F)(F)[S](=O)(=O)[N-][S](=O)(=O)C(F)(F)F,CCCn1cc[n+](C)c1C,FC(F)(F)[S](=O)(=O)[N-][S](=O)(=O)C(F)(F)F,,0.196,0.265,0.338,0.503,0.687,,
IL2040,N-ethyl-N-methylpyrrolidinium ethylphosphonate,CC[N+]1(C)CCCC1.CC[N+]1(C)CCCC1.CC[P]([O-])([O-])=O,CC[N+]1(C)CCCC1,CC[N+]1(C)CCCC1,,0.208,0.239,0.275,0.363,0.478,,
IL2041,N-methyl-N-octylpyrrolidinium octylphosphonate,CCCCCCCC[N+]1(C)CCCC1.CCCCCCCC[N+]1(C)CCCC1.CCCCCCCC[P]([O-])([O-])=O,CCCCCCCC[N+]1(C)CCCC1,CCCCCCCC[N+]1(C)CCCC1,,0.031,0.034,0.038,0.046,0.056,,
IL2042,4-ethyl-4-methylmorpholin-4-ium ethylphosphonate,CC[N+]1(C)CCOCC1.CC[N+]1(C)CCOCC1.CC[P]([O-])([O-])=O,CC[N+]1(C)CCOCC1,CC[N+]1(C)CCOCC1,,0.083,0.094,0.106,0.135,0.173,,
IL2043,4-butyl-4-methylmorpholin-4-ium butylphosphonate,CCCC[N+]1(C)CCOCC1.CCCC[N+]1(C)CCOCC1.CCCC[P]([O-])([O-])=O,CCCC[N+]1(C)CCOCC1,CCCC[N+]1(C)CCOCC1,,0.074,0.082,0.092,0.114,0.141,,
IL2044,N-hexyl-N-methylpyrrolidinium hexylphosphonate,CCCCCC[N+]1(C)CCCC1.CCCCCC[N+]1(C)CCCC1.CCCCCC[P]([O-])([O-])=O,CCCCCC[N+]1(C)CCCC1,CCCCCC[N+]1(C)CCCC1,,0.034,0.037,0.041,0.05,0.061,,
IL2045,4-hexyl-4-methylmorpholin-4-ium hexylphosphonate,CCCCCC[N+]1(C)CCOCC1.CCCCCC[N+]1(C)CCOCC1.CCCCCC[P]([O-])([O-])=O,CCCCCC[N+]1(C)CCOCC1,CCCCCC[N+]1(C)CCOCC1,,0.015,0.017,0.02,0.028,0.038,,
IL2046,4-methyl-4-octylmorpholin-4-ium octylphosphonate,CCCCCCCC[N+]1(C)CCOCC1.CCCCCCCC[N+]1(C)CCOCC1.CCCCCCCC[P]([O-])([O-])=O,CCCCCCCC[N+]1(C)CCOCC1,CCCCCCCC[N+]1(C)CCOCC1,,0.016,0.018,0.021,0.027,0.035,,
IL2047,1-hexyl-1-methylpiperidin-1-ium hexylphosphonate,CCCCCC[N+]1(C)CCCCC1.CCCCCC[N+]1(C)CCCCC1.CCCCCC[P]([O-])([O-])=O,CCCCCC[N+]1(C)CCCCC1,CCCCCC[N+]1(C)CCCCC1,,0.037,0.042,0.046,0.058,0.072,,
IL1914,1-butyl-1-methylpyrrolidinium tris(pentafluoroethyl)trifluorophosphate,CCCC[N+]1(C)CCCC1.FC(F)(F)C(F)(F)[P-](F)(F)(F)(C(F)(F)C(F)(F)F)C(F)(F)C(F)(F)F,CCCC[N+]1(C)CCCC1,FC(F)(F)C(F)(F)[P-](F)(F)(F)(C(F)(F)C(F)(F)F)C(F)(F)C(F)(F)F,,,0.113,0.146,0.23,0.332,,
IL0010,1-butyl-3-methylimidazolium iodide,CCCCn1cc[n+](C)c1.[I-],CCCCn1cc[n+](C)c1,[I-],,0.02,,0.05,0.1,0.18,,
IL1873,triethylhexylammonium bis((trifluoromethyl)sulfonyl)imide,CCCCCC[N+](CC)(CC)CC.FC(F)(F)[S](=O)(=O)[N-][S](=O)(=O)C(F)(F)F,CCCCCC[N+](CC)(CC)CC,FC(F)(F)[S](=O)(=O)[N-][S](=O)(=O)C(F)(F)F,,0.0685,0.07785,,0.206,0.322,,
IL0116,n-butylammonium nitrate,CCCC[NH3+].[O-][N+]([O-])=O,CCCC[NH3+],[O-][N+]([O-])=O,,,0.867,,0.724,0.983,,
IL1633,1-butyl-3-methyl-1H-imidazol-3-ium trifluoro(4-(trifluoromethyl)phenyl)borate,CCCCn1cc[n+](C)c1.F[B-](F)(F)c1ccc(cc1)C(F)(F)F,CCCCn1cc[n+](C)c1,F[B-](F)(F)c1ccc(cc1)C(F)(F)F,,,,,0.212,0.325,,
IL1781,triethylheptylammonium bis[(trifluoromethyl)sulfonyl]imide,CCCCCCC[N+](CC)(CC)CC.FC(F)(F)[S](=O)(=O)[N-][S](=O)(=O)C(F)(F)F,CCCCCCC[N+](CC)(CC)CC,FC(F)(F)[S](=O)(=O)[N-][S](=O)(=O)C(F)(F)F,,,0.051,0.11,,0.275,,
IL0667,2-methylpyridinium acetate,Cc1cccc[nH+]1.CC([O-])=O,Cc1cccc[nH+]1,CC([O-])=O,,,,0.00622,,0.0353,,
IL1646,"1,1,3,3-tetramethyl-4-octylguanidinium bromotrichloroferrate(III)",CCCCCCCC[NH+]=C(N(C)C)N(C)C.Cl[Fe-](Cl)(Cl)Br,CCCCCCCC[NH+]=C(N(C)C)N(C)C,Cl[Fe-](Cl)(Cl)Br,0.0421,0.0512,0.0601,0.0679,0.0769,,,
IL1647,"1,1,3,3-tetramethyl-4-hexylguanidinium bromotrichloroferrate(III)",CCCCCC[NH+]=C(N(C)C)N(C)C.Cl[Fe-](Cl)(Cl)Br,CCCCCC[NH+]=C(N(C)C)N(C)C,Cl[Fe-](Cl)(Cl)Br,0.0527,0.0634,0.0737,0.0824,0.09,,,
IL1648,"1,1,3,3-tetramethyl-4-butylguanidinium bromotrichloroferrate(III)",CCCC[NH+]=C(N(C)C)N(C)C.Cl[Fe-](Cl)(Cl)Br,CCCC[NH+]=C(N(C)C)N(C)C,Cl[Fe-](Cl)(Cl)Br,0.0791,0.0923,0.1037,0.1115,0.1157,,,
IL1649,"1,1,3,3-tetramethyl-4-ethylguanidinium bromotrichloroferrate(III)",CC[NH+]=C(N(C)C)N(C)C.Cl[Fe-](Cl)(Cl)Br,CC[NH+]=C(N(C)C)N(C)C,Cl[Fe-](Cl)(Cl)Br,0.1426,0.149,0.155,0.1594,0.1618,,,
IL0404,"N-methyl-N,N-dioctyl-1-octanaminium chloride",CCCCCCCC[N+](C)(CCCCCCCC)CCCCCCCC.[Cl-],CCCCCCCC[N+](C)(CCCCCCCC)CCCCCCCC,[Cl-],,,0.0026,0.0035,0.0066,,,
IL1778,triethyloctylammonium bis[(trifluoromethyl)sulfonyl]imide,CCCCCCCC[N+](CC)(CC)CC.FC(F)(F)[S](=O)(=O)[N-][S](=O)(=O)C(F)(F)F,CCCCCCCC[N+](CC)(CC)CC,FC(F)(F)[S](=O)(=O)[N-][S](=O)(=O)C(F)(F)F,,,0.0475,0.078,0.131,,,
IL0193,1-ethyl-3-methylimidazolium trifluoroacetate,CCn1cc[n+](C)c1.[O-]C(=O)C(F)(F)F,CCn1cc[n+](C)c1,[O-]C(=O)C(F)(F)F,,,1,,1.6,,,
IL1709,"1,1,3,3-tetramethylguanidinium imidazol-1-ide",CN(C)C(=[NH2+])N(C)C.[n-]1ccnc1,CN(C)C(=[NH2+])N(C)C,[n-]1ccnc1,,,0.218,,0.3014,,,
IL0139,3-decyl-1H-imidazol-3-ium bis((trifluoromethyl)sulfonyl)amide,CCCCCCCCCC[n+]1c[nH]cc1.FC(F)(F)[S](=O)(=O)[N-][S](=O)(=O)C(F)(F)F,CCCCCCCCCC[n+]1c[nH]cc1,FC(F)(F)[S](=O)(=O)[N-][S](=O)(=O)C(F)(F)F,,,0.0238,0.0351,,,,
IL0186,"N,N,N-triethyldodecan-1-aminium bis((trifluoromethyl)sulfonyl)amide",CCCCCCCCCCCC[N+](CC)(CC)CC.FC(F)(F)[S](=O)(=O)[N-][S](=O)(=O)C(F)(F)F,CCCCCCCCCCCC[N+](CC)(CC)CC,FC(F)(F)[S](=O)(=O)[N-][S](=O)(=O)C(F)(F)F,,,0.026,0.039,,,,
IL0221,"N,N,N-triethyltetradecan-1-aminium bis((trifluoromethyl)sulfonyl)amide",CCCCCCCCCCCCCC[N+](CC)(CC)CC.FC(F)(F)[S](=O)(=O)[N-][S](=O)(=O)C(F)(F)F,CCCCCCCCCCCCCC[N+](CC)(CC)CC,FC(F)(F)[S](=O)(=O)[N-][S](=O)(=O)C(F)(F)F,,,0.01,0.021,,,,
IL1497,"N,N,N-triethyl-1-decanaminium 1,1,1-trifluoro-N-[(trifluoromethyl)sulfonyl]methanesulfonamide",CCCCCCCCCC[N+](CC)(CC)CC.FC(F)(F)[S](=O)(=O)[N-][S](=O)(=O)C(F)(F)F,CCCCCCCCCC[N+](CC)(CC)CC,FC(F)(F)[S](=O)(=O)[N-][S](=O)(=O)C(F)(F)F,,,0.046,0.059,,,,
IL0688,1-(3-((3-butoxy-2-hydroxypropyl)amino)propyl)-1H-imidazol-3-ium ethanesulfonate,CCCCOCC(O)CNCCCn1cc[nH+]c1.CC[S]([O-])(=O)=O,CCCCOCC(O)CNCCCn1cc[nH+]c1,CC[S]([O-])(=O)=O,,0.00834,,0.0151,,,,
IL0957,1-propyltetrahydro-1H-thiophen-1-ium bis((trifluoromethyl)sulfonyl)amide,CCC[S+]1CCCC1.FC(F)(F)[S](=O)(=O)[N-][S](=O)(=O)C(F)(F)F,CCC[S+]1CCCC1,FC(F)(F)[S](=O)(=O)[N-][S](=O)(=O)C(F)(F)F,,,,0.376,,,,
IL1819,1-butyltetrahydrothiophenium bis(trifluoromethylsulfonyl)imide,CCCC[S+]1CCCC1.FC(F)(F)[S](=O)(=O)[N-][S](=O)(=O)C(F)(F)F,CCCC[S+]1CCCC1,FC(F)(F)[S](=O)(=O)[N-][S](=O)(=O)C(F)(F)F,,0.32,0.21,,,,,
IL0029,"1,3-dimethylimidazolium methylsulfate",Cn1cc[n+](C)c1.CO[S]([O-])(=O)=O,Cn1cc[n+](C)c1,CO[S]([O-])(=O)=O,0.25,,0.4725,,,,,
IL0048,3-ethyl-1-methylimidazolium (S)-2-hydroxypropanoate,CCn1cc[n+](C)c1.C[C@H](O)C([O-])=O,CCn1cc[n+](C)c1,C[C@H](O)C([O-])=O,0.092,,0.189,,,,,
IL1369,diethanolammonium formate,OCC[NH2+]CCO.[O-]C=O,OCC[NH2+]CCO,[O-]C=O,0.026,,0.07616,,,,,
IL1776,diethylmethylsulfonium bis[(trifluoromethyl)sulfonyl]imide,CC[S+](C)CC.FC(F)(F)[S](=O)(=O)[N-][S](=O)(=O)C(F)(F)F,CC[S+](C)CC,FC(F)(F)[S](=O)(=O)[N-][S](=O)(=O)C(F)(F)F,0.4732,,0.688,,,,,
IL1868,triethylsulfonium bis((trifluoromethyl)sulfonyl)imide,CC[S+](CC)CC.FC(F)(F)[S](=O)(=O)[N-][S](=O)(=O)C(F)(F)F,CC[S+](CC)CC,FC(F)(F)[S](=O)(=O)[N-][S](=O)(=O)C(F)(F)F,0.4873,,0.708,,,,,
IL1917,1-ethyl-3-methylimidazolium tris(pentafluoroethyl)trifluorophosphate,CCn1cc[n+](C)c1.FC(F)(F)C(F)(F)[P-](F)(F)(F)(C(F)(F)C(F)(F)F)C(F)(F)C(F)(F)F,CCn1cc[n+](C)c1,FC(F)(F)C(F)(F)[P-](F)(F)(F)(C(F)(F)C(F)(F)F)C(F)(F)C(F)(F)F,0.362,,0.539,,,,,
IL0024,1-butyl-3-methylimidazolium bromide,CCCCn1cc[n+](C)c1.[Br-],CCCCn1cc[n+](C)c1,[Br-],,,0.0895,,,,,
IL0056,1-ethyl-3-methylimidazolium diethyl phosphate,CCn1cc[n+](C)c1.CCO[P]([O-])(=O)OCC,CCn1cc[n+](C)c1,CCO[P]([O-])(=O)OCC,,,0.09,,,,,
IL0057,1-ethyl-3-methylimidazolium methyl phosphonate,CCn1cc[n+](C)c1.CO[PH]([O-])=O,CCn1cc[n+](C)c1,CO[PH]([O-])=O,,,0.44,,,,,
IL0076,1-hexyl-3-methylimidazolium trifluoromethanesulfonate,CCCCCCn1cc[n+](C)c1.[O-][S](=O)(=O)C(F)(F)F,CCCCCCn1cc[n+](C)c1,[O-][S](=O)(=O)C(F)(F)F,,,0.73,,,,,
IL0131,diethylmethylammonium methanesulfonate,CC[NH+](C)CC.C[S]([O-])(=O)=O,CC[NH+](C)CC,C[S]([O-])(=O)=O,,,0.355,,,,,
IL0133,1-propyl-3-methylimidazolium tetrafluoroborate,CCC[n+]1ccn(C)c1.F[B-](F)(F)F,CCC[n+]1ccn(C)c1,F[B-](F)(F)F,,,0.59,,,,,
IL0289,methyltrioctylammonium trifluoroacetate,CCCCCCCC[N+](C)(CCCCCCCC)CCCCCCCC.[O-]C(=O)C(F)(F)F,CCCCCCCC[N+](C)(CCCCCCCC)CCCCCCCC,[O-]C(=O)C(F)(F)F,,,0.001552,,,,,
IL0308,1-ethyl-3-methylimidazolium L-alaninate,CCn1cc[n+](C)c1.C[C@H](N)C([O-])=O,CCn1cc[n+](C)c1,C[C@H](N)C([O-])=O,,,0.064,,,,,
IL0329,triethyl(pentyl)phosphonium bis(fluorosulfonyl)amide,CCCCC[P+](CC)(CC)CC.F[S](=O)(=O)[N-][S](F)(=O)=O,CCCCC[P+](CC)(CC)CC,F[S](=O)(=O)[N-][S](F)(=O)=O,,,0.463,,,,,
IL0330,triethyl(2-methoxyethyl)phosphonium bis((trifluoromethyl)sulfonyl)amide,CC[P+](CC)(CC)CCOC.FC(F)(F)[S](=O)(=O)[N-][S](=O)(=O)C(F)(F)F,CC[P+](CC)(CC)CCOC,FC(F)(F)[S](=O)(=O)[N-][S](=O)(=O)C(F)(F)F,,,0.384,,,,,
IL0433,2-hydroxyethylammonium lactate,[NH3+]CCO.CC(O)C([O-])=O,[NH3+]CCO,CC(O)C([O-])=O,,,0.0048,,,,,
IL0472,"N,N-diethyl-N-methylbutan-1-aminium bis((trifluoromethyl)sulfonyl)amide",CCCC[N+](C)(CC)CC.FC(F)(F)[S](=O)(=O)[N-][S](=O)(=O)C(F)(F)F,CCCC[N+](C)(CC)CC,FC(F)(F)[S](=O)(=O)[N-][S](=O)(=O)C(F)(F)F,,,0.16,,,,,
IL0595,1-allyl-3-methylimidazolium chloride,Cn1cc[n+](CC=C)c1.[Cl-],Cn1cc[n+](CC=C)c1,[Cl-],,,0.00695,,,,,
IL0631,diethylammonium acetate,CC[NH2+]CC.CC([O-])=O,CC[NH2+]CC,CC([O-])=O,,,0.3795,,,,,
IL0643,"1,3-dibutylimidazolium bromide",CCCCn1cc[n+](CCCC)c1.[Br-],CCCCn1cc[n+](CCCC)c1,[Br-],,,0.23,,,,,
IL0790,"1,3-dibutylimidazolium tetrafluoroborate",CCCCn1cc[n+](CCCC)c1.F[B-](F)(F)F,CCCCn1cc[n+](CCCC)c1,F[B-](F)(F)F,,,0.17,,,,,
IL0792,ethyldiisopropylammonium formate,CC[NH+](C(C)C)C(C)C.[O-]C=O,CC[NH+](C(C)C)C(C)C,[O-]C=O,,,0.586,,,,,
IL0923,1-ethyl-3-methyl-1H-imidazol-3-ium L-methioninate,CCn1cc[n+](C)c1.CSCC[C@H](N)C([O-])=O,CCn1cc[n+](C)c1,CSCC[C@H](N)C([O-])=O,,,0.024,,,,,
IL0924,1-ethyl-3-methylimidazolium L-valinate,CCn1cc[n+](C)c1.CC(C)[C@H](N)C([O-])=O,CCn1cc[n+](C)c1,CC(C)[C@H](N)C([O-])=O,,,0.0088,,,,,
IL0925,1-ethyl-3-methyl-1H-imidazol-3-ium L-leucinate,CCn1cc[n+](C)c1.CC(C)C[C@H](N)C([O-])=O,CCn1cc[n+](C)c1,CC(C)C[C@H](N)C([O-])=O,,,0.0081,,,,,
IL0926,1-ethyl-3-methyl-1H-imidazol-3-ium L-lysinate,CCn1cc[n+](C)c1.NCCCC[C@H](N)C([O-])=O,CCn1cc[n+](C)c1,NCCCC[C@H](N)C([O-])=O,,,0.0078,,,,,
IL0927,1-ethyl-3-methyl-1H-imidazol-3-ium L-phenylalaninate,CCn1cc[n+](C)c1.N[C@@H](Cc1ccccc1)C([O-])=O,CCn1cc[n+](C)c1,N[C@@H](Cc1ccccc1)C([O-])=O,,,0.006,,,,,
IL0928,3-ethyl-1-methyl-1H-imidazol-3-ium L-tryptophanate,CCn1cc[n+](C)c1.N[C@@H](Cc1c[nH]c2ccccc12)C([O-])=O,CCn1cc[n+](C)c1,N[C@@H](Cc1c[nH]c2ccccc12)C([O-])=O,,,0.00000091,,,,,
IL0929,3-ethyl-1-methyl-1H-imidazol-3-ium L-histidinate,CCn1cc[n+](C)c1.N[C@@H](Cc1c[nH]cn1)C([O-])=O,CCn1cc[n+](C)c1,N[C@@H](Cc1c[nH]cn1)C([O-])=O,,,0.00001,,,,,
IL0930,3-ethyl-1-methyl-1H-imidazol-3-ium L-threoninate,CCn1cc[n+](C)c1.C[C@@H](O)[C@H](N)C([O-])=O,CCn1cc[n+](C)c1,C[C@@H](O)[C@H](N)C([O-])=O,,,0.01,,,,,
IL0931,3-ethyl-1-methyl-1H-imidazol-3-ium L-tyrosinate,CCn1cc[n+](C)c1.N[C@@H](Cc1ccc(O)cc1)C([O-])=O,CCn1cc[n+](C)c1,N[C@@H](Cc1ccc(O)cc1)C([O-])=O,,,0.000004,,,,,
IL0932,3-ethyl-1-methyl-1H-imidazol-3-ium L-cysteinate,CCn1cc[n+](C)c1.N[C@@H](CS)C([O-])=O,CCn1cc[n+](C)c1,N[C@@H](CS)C([O-])=O,,,0.0035,,,,,
IL0933,3-ethyl-1-methyl-1H-imidazol-3-ium L-argininate,CCn1cc[n+](C)c1.N[C@@H](CCCNC(N)=N)C([O-])=O,CCn1cc[n+](C)c1,N[C@@H](CCCNC(N)=N)C([O-])=O,,,0.00009,,,,,
IL0934,3-ethyl-1-methyl-1H-imidazol-3-ium L-asparaginate,CCn1cc[n+](C)c1.N[C@@H](CC(N)=O)C([O-])=O,CCn1cc[n+](C)c1,N[C@@H](CC(N)=O)C([O-])=O,,,0.00011,,,,,
IL0935,3-ethyl-1-methyl-1H-imidazol-3-ium L-glutaminate,CCn1cc[n+](C)c1.N[C@@H](CCC(N)=O)C([O-])=O,CCn1cc[n+](C)c1,N[C@@H](CCC(N)=O)C([O-])=O,,,0.000017,,,,,
IL0936,3-ethyl-1-methyl-1H-imidazol-3-ium (S)-2-amino-3-carboxypropanoate,CCn1cc[n+](C)c1.N[C@@H](CC(O)=O)C([O-])=O,CCn1cc[n+](C)c1,N[C@@H](CC(O)=O)C([O-])=O,,,0.00000017,,,,,
IL0944,2-methylbutylammonium formate,CCC(C)C[NH3+].[O-]C=O,CCC(C)C[NH3+],[O-]C=O,,,0.0858,,,,,
IL0945,pentylammonium formate,CCCCC[NH3+].[O-]C=O,CCCCC[NH3+],[O-]C=O,,,0.153,,,,,
IL0946,ethylammonium propionate,CC[NH3+].CCC([O-])=O,CC[NH3+],CCC([O-])=O,,,0.0872,,,,,
IL0947,ethylammonium lactate,CC[NH3+].CC(O)C([O-])=O,CC[NH3+],CC(O)C([O-])=O,,,0.026,,,,,
IL0948,ethylammonium glycolate,CC[NH3+].OCC([O-])=O,CC[NH3+],OCC([O-])=O,,,0.0864,,,,,
IL0949,2-methylpropylammonium formate,CC(C)C[NH3+].[O-]C=O,CC(C)C[NH3+],[O-]C=O,,,0.0699,,,,,
IL0950,ethylammonium formate,CC[NH3+].[O-]C=O,CC[NH3+],[O-]C=O,,,1.216,,,,,
IL0951,ethylammonium hydrogen sulfate,CC[NH3+].O[S]([O-])(=O)=O,CC[NH3+],O[S]([O-])(=O)=O,,,0.44,,,,,
IL0952,2-hydroxypropanaminium formate,CC(O)C[NH3+].[O-]C=O,CC(O)C[NH3+],[O-]C=O,,,0.049,,,,,
IL0953,methanaminium formate,C[NH3+].[O-]C=O,C[NH3+],[O-]C=O,,,4.38,,,,,
IL0954,ethylammonium butyrate,CC[NH3+].CCCC([O-])=O,CC[NH3+],CCCC([O-])=O,,,0.103,,,,,
IL0956,ethylammonium acetate,CC[NH3+].CC([O-])=O,CC[NH3+],CC([O-])=O,,,0.222,,,,,
IL1236,"N,N,N-tributyloctan-1-aminium trifluoromethanesulfonate",CCCCCCCC[N+](CCCC)(CCCC)CCCC.[O-][S](=O)(=O)C(F)(F)F,CCCCCCCC[N+](CCCC)(CCCC)CCCC,[O-][S](=O)(=O)C(F)(F)F,,,0.0017,,,,,
IL1248,1-ethyl-3-octylimidazolium tetrafluoroborate,CCCCCCCCn1cc[n+](CC)c1.F[B-](F)(F)F,CCCCCCCCn1cc[n+](CC)c1,F[B-](F)(F)F,,,0.06095,,,,,
IL1249,1-decyl-3-ethylimidazolium tetrafluoroborate,CCCCCCCCCC[n+]1ccn(CC)c1.F[B-](F)(F)F,CCCCCCCCCC[n+]1ccn(CC)c1,F[B-](F)(F)F,,,0.0361,,,,,
IL1250,1-butyl-3-ethylimidazolium tetrafluoroborate,CCCCn1cc[n+](CC)c1.F[B-](F)(F)F,CCCCn1cc[n+](CC)c1,F[B-](F)(F)F,,,0.3445,,,,,
IL1251,1-ethyl-3-hexylimidazolium tetrafluoroborate,CCCCCCn1cc[n+](CC)c1.F[B-](F)(F)F,CCCCCCn1cc[n+](CC)c1,F[B-](F)(F)F,,,0.139,,,,,
IL1256,1-allyl-3-methyl-1H-imidazol-3-ium propionate,Cn1cc[n+](CC=C)c1.CCC([O-])=O,Cn1cc[n+](CC=C)c1,CCC([O-])=O,,,0.18,,,,,
IL1301,"N,N-diethyl-N-methylpropan-1-aminium bis((trifluoromethyl)sulfonyl)amide",CCC[N+](C)(CC)CC.FC(F)(F)[S](=O)(=O)[N-][S](=O)(=O)C(F)(F)F,CCC[N+](C)(CC)CC,FC(F)(F)[S](=O)(=O)[N-][S](=O)(=O)C(F)(F)F,,,0.22,,,,,
IL1303,"N,N,N-triethyl-2-methoxyethan-1-aminium bis((trifluoromethyl)sulfonyl)amide",CC[N+](CC)(CC)CCOC.FC(F)(F)[S](=O)(=O)[N-][S](=O)(=O)C(F)(F)F,CC[N+](CC)(CC)CCOC,FC(F)(F)[S](=O)(=O)[N-][S](=O)(=O)C(F)(F)F,,,0.21,,,,,
IL1304,"N-ethyl-2-methoxy-N,N-dimethylethan-1-aminium tetrafluoroborate",CC[N+](C)(C)CCOC.F[B-](F)(F)F,CC[N+](C)(C)CCOC,F[B-](F)(F)F,,,0.17,,,,,
IL1371,ethanolammonium nitrate,[NH3+]CCO.[O-][N+]([O-])=O,[NH3+]CCO,[O-][N+]([O-])=O,,,0.935,,,,,
IL1435,1-allyl-3-methylimizodalium formate,Cn1cc[n+](CC=C)c1.[O-]C=O,Cn1cc[n+](CC=C)c1,[O-]C=O,,,0.821,,,,,
IL1436,1-allyl-3-methylimizodalium lactate,Cn1cc[n+](CC=C)c1.C[C@H](O)C([O-])=O,Cn1cc[n+](CC=C)c1,C[C@H](O)C([O-])=O,,,0.088,,,,,
IL1437,1-allyl-3-methylimizodalium acetate,Cn1cc[n+](CC=C)c1.CC([O-])=O,Cn1cc[n+](CC=C)c1,CC([O-])=O,,,0.302,,,,,
IL1438,1-allyl-3-methylimizodalium butanoate,Cn1cc[n+](CC=C)c1.CCCC([O-])=O,Cn1cc[n+](CC=C)c1,CCCC([O-])=O,,,0.121,,,,,
IL1439,1-allyl-3-methylimizodalium benzoate,Cn1cc[n+](CC=C)c1.[O-]C(=O)c1ccccc1,Cn1cc[n+](CC=C)c1,[O-]C(=O)c1ccccc1,,,0.0388,,,,,
IL1440,1-allyl-3-methylimizodalium glycollate,Cn1cc[n+](CC=C)c1.OCC([O-])=O,Cn1cc[n+](CC=C)c1,OCC([O-])=O,,,0.1175,,,,,
IL1451,"N,N-diethyl-2-methoxy-N-methylethan-1-aminium trifluoro(perfluoroethyl)borate",CC[N+](C)(CC)CCOC.F[B-](F)(F)C(F)(F)C(F)(F)F,CC[N+](C)(CC)CCOC,F[B-](F)(F)C(F)(F)C(F)(F)F,,,0.32,,,,,
IL1452,"N,N,N-triethyl-2-methoxyethan-1-aminium trifluoro(perfluoroethyl)borate",CC[N+](CC)(CC)CCOC.F[B-](F)(F)C(F)(F)C(F)(F)F,CC[N+](CC)(CC)CCOC,F[B-](F)(F)C(F)(F)C(F)(F)F,,,0.24,,,,,
IL1453,"2-methoxy-N,N,N-trimethylethan-1-aminium trifluoro(perfluoropropyl)borate",COCC[N+](C)(C)C.F[B-](F)(F)C(F)(F)C(F)(F)C(F)(F)F,COCC[N+](C)(C)C,F[B-](F)(F)C(F)(F)C(F)(F)C(F)(F)F,,,0.25,,,,,
IL1454,"N-ethyl-2-methoxy-N,N-dimethylethan-1-aminium trifluoro(perfluoropropyl)borate",CC[N+](C)(C)CCOC.F[B-](F)(F)C(F)(F)C(F)(F)C(F)(F)F,CC[N+](C)(C)CCOC,F[B-](F)(F)C(F)(F)C(F)(F)C(F)(F)F,,,0.26,,,,,
IL1455,"N,N-diethyl-2-methoxy-N-methylethan-1-aminium trifluoro(perfluoropropyl)borate",CC[N+](C)(CC)CCOC.F[B-](F)(F)C(F)(F)C(F)(F)C(F)(F)F,CC[N+](C)(CC)CCOC,F[B-](F)(F)C(F)(F)C(F)(F)C(F)(F)F,,,0.19,,,,,
IL1456,"N,N-diethyl-N-methylbutan-1-aminium trifluoro(trifluoromethyl)borate",CCCC[N+](C)(CC)CC.F[B-](F)(F)C(F)(F)F,CCCC[N+](C)(CC)CC,F[B-](F)(F)C(F)(F)F,,,0.21,,,,,
IL1458,"2-methoxy-N-ethyl-N,N-dimethylethan-1-aminium trifluoro(trifluoromethyl)borate",CC[N+](C)(C)CCOC.F[B-](F)(F)C(F)(F)F,CC[N+](C)(C)CCOC,F[B-](F)(F)C(F)(F)F,,,0.25,,,,,
IL1459,"N,N,N-triethyl-2-methoxyethan-1-aminium trifluoro(trifluoromethyl)borate",CC[N+](CC)(CC)CCOC.F[B-](F)(F)C(F)(F)F,CC[N+](CC)(CC)CCOC,F[B-](F)(F)C(F)(F)F,,,0.2,,,,,
IL1461,"N,N-diethyl-N-methylbutan-1-aminium trifluoro(perfluoroethyl)borate",CCCC[N+](C)(CC)CC.F[B-](F)(F)C(F)(F)C(F)(F)F,CCCC[N+](C)(CC)CC,F[B-](F)(F)C(F)(F)C(F)(F)F,,,0.23,,,,,
IL1463,"N-ethyl-2-methoxy-N,N-dimethylethan-1-aminium trifluoro(perfluoroethyl)borate",CC[N+](C)(C)CCOC.F[B-](F)(F)C(F)(F)C(F)(F)F,CC[N+](C)(C)CCOC,F[B-](F)(F)C(F)(F)C(F)(F)F,,,0.38,,,,,
IL1507,1-ethyl-3-methylimidazolium ammonioacetate,CCn1cc[n+](C)c1.NCC([O-])=O,CCn1cc[n+](C)c1,NCC([O-])=O,,,0.057,,,,,
IL1557,1-ethyl-3-methylimidazolium L-glutamate,CCn1cc[n+](C)c1.[NH3+][C@@H](CCC([O-])=O)C([O-])=O,CCn1cc[n+](C)c1,[NH3+][C@@H](CCC([O-])=O)C([O-])=O,,,0.00005,,,,,
IL1594,1-ethyl-3-methyl-1H-imidazolium L-prolinate,CCn1cc[n+](C)c1.[O-]C(=O)[C@@H]1CCCN1,CCn1cc[n+](C)c1,[O-]C(=O)[C@@H]1CCCN1,,,0.016,,,,,
IL1595,1-ethyl-3-methyl-1H-imidazolium L-isoleucinate,CCn1cc[n+](C)c1.CC[C@H](C)[C@H](N)C([O-])=O,CCn1cc[n+](C)c1,CC[C@H](C)[C@H](N)C([O-])=O,,,0.00069,,,,,
IL1612,4-methyl-4-pentylmorpholinium N-cyanocyanamide,CCCCC[N+]1(C)CCOCC1.N#C[N-]C#N,CCCCC[N+]1(C)CCOCC1,N#C[N-]C#N,,,0.0727,,,,,
IL1613,4-butyl-4-methylmorpholinium N-cyanocyanamide,CCCC[N+]1(C)CCOCC1.N#C[N-]C#N,CCCC[N+]1(C)CCOCC1,N#C[N-]C#N,,,0.141,,,,,
IL1614,4-methyl-4-nonylmorpholinium N-cyanocyanamide,CCCCCCCCC[N+]1(C)CCOCC1.N#C[N-]C#N,CCCCCCCCC[N+]1(C)CCOCC1,N#C[N-]C#N,,,0.0158,,,,,
IL1615,4-methyl-4-propylmorpholinium N-cyanocyanamide,CCC[N+]1(C)CCOCC1.N#C[N-]C#N,CCC[N+]1(C)CCOCC1,N#C[N-]C#N,,,0.1335,,,,,
IL1616,4-methyl-4-octylmorpholinium N-cyanocyanamide,CCCCCCCC[N+]1(C)CCOCC1.N#C[N-]C#N,CCCCCCCC[N+]1(C)CCOCC1,N#C[N-]C#N,,,0.02145,,,,,
IL1617,4-heptyl-4-methylmorpholinium N-cyanocyanamide,CCCCCCC[N+]1(C)CCOCC1.N#C[N-]C#N,CCCCCCC[N+]1(C)CCOCC1,N#C[N-]C#N,,,0.0265,,,,,
IL1618,4-hexyl-4-methylmorpholinium N-cyanocyanamide,CCCCCC[N+]1(C)CCOCC1.N#C[N-]C#N,CCCCCC[N+]1(C)CCOCC1,N#C[N-]C#N,,,0.07205,,,,,
IL1661,"N,N,N-triethyl-2-methoxyethan-1-aminium trifluoro(perfluoropropyl)borate Chemical Formula: C12H22BF10NO",CC[N+](CC)(CC)CCOC.F[B-](F)(F)C(F)(F)C(F)(F)C(F)(F)F,CC[N+](CC)(CC)CCOC,F[B-](F)(F)C(F)(F)C(F)(F)C(F)(F)F,,,0.18,,,,,
IL1752,"1,1,3,3-tetramethylguanidinium lactate",CN(C)C(=[NH2+])N(C)C.CC(O)C([O-])=O,CN(C)C(=[NH2+])N(C)C,CC(O)C([O-])=O,,,0.0101,,,,,
IL1783,hexyltrimethylammonium bis[(trifluoromethyl)sulfonyl]imide,CCCCCC[N+](C)(C)C.FC(F)(F)[S](=O)(=O)[N-][S](=O)(=O)C(F)(F)F,CCCCCC[N+](C)(C)C,FC(F)(F)[S](=O)(=O)[N-][S](=O)(=O)C(F)(F)F,,,0.043,,,,,
IL1796,trimethyloctylammonium bis[(trifluoromethyl)sulfonyl]imide,CCCCCCCC[N+](C)(C)C.FC(F)(F)[S](=O)(=O)[N-][S](=O)(=O)C(F)(F)F,CCCCCCCC[N+](C)(C)C,FC(F)(F)[S](=O)(=O)[N-][S](=O)(=O)C(F)(F)F,,,0.035,,,,,
IL1800,tributyloctylammonium bis[(trifluoromethyl)sulfonyl]imide,CCCCCCCC[N+](CCCC)(CCCC)CCCC.FC(F)(F)[S](=O)(=O)[N-][S](=O)(=O)C(F)(F)F,CCCCCCCC[N+](CCCC)(CCCC)CCCC,FC(F)(F)[S](=O)(=O)[N-][S](=O)(=O)C(F)(F)F,,,0.013,,,,,
IL1801,ethylheptyl-di-(1-methylethyl)ammonium bis[(trifluoromethyl)sulfonyl]imide,CCCCCCC[N+](CC)(C(C)C)C(C)C.FC(F)(F)[S](=O)(=O)[N-][S](=O)(=O)C(F)(F)F,CCCCCCC[N+](CC)(C(C)C)C(C)C,FC(F)(F)[S](=O)(=O)[N-][S](=O)(=O)C(F)(F)F,,,0.031,,,,,
IL1802,heptyltrimethylammonium bis[(trifluoromethyl)sulfonyl]imide,CCCCCCC[N+](C)(C)C.FC(F)(F)[S](=O)(=O)[N-][S](=O)(=O)C(F)(F)F,CCCCCCC[N+](C)(C)C,FC(F)(F)[S](=O)(=O)[N-][S](=O)(=O)C(F)(F)F,,,0.04,,,,,
IL1803,tributylhexylammonium bis[(trifluoromethyl)sulfonyl]imide,CCCCCC[N+](CCCC)(CCCC)CCCC.FC(F)(F)[S](=O)(=O)[N-][S](=O)(=O)C(F)(F)F,CCCCCC[N+](CCCC)(CCCC)CCCC,FC(F)(F)[S](=O)(=O)[N-][S](=O)(=O)C(F)(F)F,,,0.016,,,,,
IL1804,tributylheptylammonium bis[(trifluoromethyl)sulfonyl]imide,CCCCCCC[N+](CCCC)(CCCC)CCCC.FC(F)(F)[S](=O)(=O)[N-][S](=O)(=O)C(F)(F)F,CCCCCCC[N+](CCCC)(CCCC)CCCC,FC(F)(F)[S](=O)(=O)[N-][S](=O)(=O)C(F)(F)F,,,0.016,,,,,
IL1818,1-pentyltetrahydrothiophenium bis(trifluoromethylsulfonyl)imide,CCCCC[S+]1CCCC1.FC(F)(F)[S](=O)(=O)[N-][S](=O)(=O)C(F)(F)F,CCCCC[S+]1CCCC1,FC(F)(F)[S](=O)(=O)[N-][S](=O)(=O)C(F)(F)F,,,0.146,,,,,
IL1896,1-butyl-1-methylpiperidinium bis(trifluoromethanesulfonyl)imide,CCCC[N+]1(C)CCCCC1.FC(F)(F)[S](=O)(=O)[N-][S](=O)(=O)C(F)(F)F,CCCC[N+]1(C)CCCCC1,FC(F)(F)[S](=O)(=O)[N-][S](=O)(=O)C(F)(F)F,,,0.139,,,,,
IL1922,"N-ethyl-2-methoxy-N,N-dimethylethan-1-aminium trifluoro(perfluorobutyl)borate",CC[N+](C)(C)CCOC.F[B-](F)(F)C(F)(F)C(F)(F)C(F)(F)C(F)(F)F,CC[N+](C)(C)CCOC,F[B-](F)(F)C(F)(F)C(F)(F)C(F)(F)C(F)(F)F,,,0.15,,,,,
IL1923,"N,N-diethyl-2-methoxy-N-methylethan-1-aminium trifluoro(perfluorobutyl)borate",CC[N+](C)(CC)CCOC.F[B-](F)(F)C(F)(F)C(F)(F)C(F)(F)C(F)(F)F,CC[N+](C)(CC)CCOC,F[B-](F)(F)C(F)(F)C(F)(F)C(F)(F)C(F)(F)F,,,0.13,,,,,
IL1924,"N,N,N-triethyl-2-methoxyethan-1-aminium trifluoro(perfluorobutyl)borate",CC[N+](CC)(CC)CCOC.F[B-](F)(F)C(F)(F)C(F)(F)C(F)(F)C(F)(F)F,CC[N+](CC)(CC)CCOC,F[B-](F)(F)C(F)(F)C(F)(F)C(F)(F)C(F)(F)F,,,0.11,,,,,
IL0005,1-butyl-3-methylimidazolium nitrate,CCCCn1cc[n+](C)c1.[O-][N+]([O-])=O,CCCCn1cc[n+](C)c1,[O-][N+]([O-])=O,,0.0255,,,,,,
IL0332,1-butyl-3-methylimidazolium hydrogen sulfate,CCCCn1cc[n+](C)c1.O[S]([O-])(=O)=O,CCCCn1cc[n+](C)c1,O[S]([O-])(=O)=O,,0.0014,,,,,,
IL1175,1-(3-(N-(3-butoxy-2-hydroxypropyl)acetamido)propyl)-1H-imidazol-3-ium ethanesulfonate,CCCCOCC(O)CN(CCCn1cc[nH+]c1)C(C)=O.CC[S]([O-])(=O)=O,CCCCOCC(O)CN(CCCn1cc[nH+]c1)C(C)=O,CC[S]([O-])(=O)=O,,0.00138,,,,,,
IL1176,1-(3-(N-(3-butoxy-2-hydroxypropyl)acetamido)propyl)-1H-imidazol-3-ium acetate,CCCCOCC(O)CN(CCCn1cc[nH+]c1)C(C)=O.CC([O-])=O,CCCCOCC(O)CN(CCCn1cc[nH+]c1)C(C)=O,CC([O-])=O,,0.00135,,,,,,
IL1182,tributyl(2-(ethylthio)ethyl)phosphonium bis(fluorosulfonyl)amide,CCCC[P+](CCCC)(CCCC)CCSCC.F[S](=O)(=O)[N-][S](F)(=O)=O,CCCC[P+](CCCC)(CCCC)CCSCC,F[S](=O)(=O)[N-][S](F)(=O)=O,,0.0595,,,,,,
IL1183,tributyl(2-(ethylthio)ethyl)phosphonium tetrafluoroborate,CCCC[P+](CCCC)(CCCC)CCSCC.F[B-](F)(F)F,CCCC[P+](CCCC)(CCCC)CCSCC,F[B-](F)(F)F,,0.0332,,,,,,
IL1185,triethyl((methylthio)methyl)phosphonium bis(fluorosulfonyl)amide,CC[P+](CC)(CC)CSC.F[S](=O)(=O)[N-][S](F)(=O)=O,CC[P+](CC)(CC)CSC,F[S](=O)(=O)[N-][S](F)(=O)=O,,0.292,,,,,,
IL1188,triethyl(2-(methylthio)ethyl)phosphonium bis(fluorosulfonyl)amide,CC[P+](CC)(CC)CCSC.F[S](=O)(=O)[N-][S](F)(=O)=O,CC[P+](CC)(CC)CCSC,F[S](=O)(=O)[N-][S](F)(=O)=O,,0.183,,,,,,
IL1190,triethyl(2-(ethylthio)ethyl)phosphonium bis(trifluoromethylsulfonyl)amide,CCSCC[P+](CC)(CC)CC.FC(F)(F)[S](=O)(=O)[N-][S](=O)(=O)C(F)(F)F,CCSCC[P+](CC)(CC)CC,FC(F)(F)[S](=O)(=O)[N-][S](=O)(=O)C(F)(F)F,,0.122,,,,,,
IL1191,triethyl(2-(ethylthio)ethyl)phosphonium bis(fluorosulfonyl)amide,CCSCC[P+](CC)(CC)CC.F[S](=O)(=O)[N-][S](F)(=O)=O,CCSCC[P+](CC)(CC)CC,F[S](=O)(=O)[N-][S](F)(=O)=O,,0.194,,,,,,
IL1194,tributyl((methylthio)methyl)phosphonium bis(fluorosulfonyl)amide,CCCC[P+](CCCC)(CCCC)CSC.F[S](=O)(=O)[N-][S](F)(=O)=O,CCCC[P+](CCCC)(CCCC)CSC,F[S](=O)(=O)[N-][S](F)(=O)=O,,0.0652,,,,,,
IL1195,tributyl((methylthio)methyl)phosphonium tetrafluoroborate,CCCC[P+](CCCC)(CCCC)CSC.F[B-](F)(F)F,CCCC[P+](CCCC)(CCCC)CSC,F[B-](F)(F)F,,0.039,,,,,,
IL1196,tributyl(2-(methylthio)ethyl)phosphonium bis(trifluoromethylsulfonyl)amide,CCCC[P+](CCCC)(CCCC)CCSC.FC(F)(F)[S](=O)(=O)[N-][S](=O)(=O)C(F)(F)F,CCCC[P+](CCCC)(CCCC)CCSC,FC(F)(F)[S](=O)(=O)[N-][S](=O)(=O)C(F)(F)F,,0.0433,,,,,,
IL1199,tributyl(2-(ethylthio)ethyl)phosphonium bis(trifluoromethylsulfonyl)amide,CCCC[P+](CCCC)(CCCC)CCSCC.FC(F)(F)[S](=O)(=O)[N-][S](=O)(=O)C(F)(F)F,CCCC[P+](CCCC)(CCCC)CCSCC,FC(F)(F)[S](=O)(=O)[N-][S](=O)(=O)C(F)(F)F,,0.0457,,,,,,
IL1622,1-ethyltetrahydrothiophenium N-cyanocyanamide,CC[S+]1CCCC1.N#C[N-]C#N,CC[S+]1CCCC1,N#C[N-]C#N,,1.76,,,,,,
IL1623,1-butyltetrahydrothiophenium N-cyanocyanamide,CCCC[S+]1CCCC1.N#C[N-]C#N,CCCC[S+]1CCCC1,N#C[N-]C#N,,0.76,,,,,,
IL2000,1-(3-((3-butoxy-2-hydroxypropyl)ammonio)propyl)-1H-imidazol-3-ium ethanesulfonate,CCCCOCC(O)C[NH2+]CCCn1cc[nH+]c1.CC[S]([O-])(=O)=O.CC[S]([O-])(=O)=O,CCCCOCC(O)C[NH2+]CCCn1cc[nH+]c1,CC[S]([O-])(=O)=O,,0.0545,,,,,,
